video_folder,transcript_path,drive_file_id,duration_seconds,segments_count,channel_subscribers,interval_label_mean__pain_point,interval_label_mean__why_important,interval_label_mean__problem_consequence,interval_label_mean__promise_result,interval_label_mean__solution_simple,interval_label_mean__solution_fast,interval_label_mean__solution_radical,interval_label_mean__trigger_watch_to_end,interval_label_mean__trigger_urgency,interval_label_mean__quick_tip,abstract_total_count,abstract_intervals_with_feature,abstract_intervals_total,integration_present,integration_confidence,integration_evidence_count_max,integration_suggested_next_step_present,evidence_concreteness_density_mean,evidence_authority_intervals,evidence_analytical_intervals,evidence_water_ratio_mean,linguistic__avg_word_length,linguistic__technical_term_density,linguistic__rare_word_ratio,linguistic__foreign_terms_count,linguistic__avg_sentence_length,linguistic__subordinate_clause_ratio,linguistic__flesch_reading_ease,emotion__positive_emotion_ratio,emotion__negative_emotion_ratio,emotion__energy_density,emotion__personal_pronoun_ratio,emotion__emotional_polarity_ratio,expectation_alignment_score,expectation_mismatch_points_count,target__retention_mean,target__retention_mid,target__retention_tail,target__retention_curve_20__00,target__retention_curve_20__01,target__retention_curve_20__02,target__retention_curve_20__03,target__retention_curve_20__04,target__retention_curve_20__05,target__retention_curve_20__06,target__retention_curve_20__07,target__retention_curve_20__08,target__retention_curve_20__09,target__retention_curve_20__10,target__retention_curve_20__11,target__retention_curve_20__12,target__retention_curve_20__13,target__retention_curve_20__14,target__retention_curve_20__15,target__retention_curve_20__16,target__retention_curve_20__17,target__retention_curve_20__18,target__retention_curve_20__19,target__retention_point__000,target__retention_point__001,target__retention_point__002,target__retention_point__003,target__retention_point__004,target__retention_point__005,target__retention_point__006,target__retention_point__007,target__retention_point__008,target__retention_point__009,target__retention_point__010,target__retention_point__011,target__retention_point__012,target__retention_point__013,target__retention_point__014,target__retention_point__015,target__retention_point__016,target__retention_point__017,target__retention_point__018,target__retention_point__019,target__retention_point__020,target__retention_point__021,target__retention_point__022,target__retention_point__023,target__retention_point__024,target__retention_point__025,target__retention_point__026,target__retention_point__027,target__retention_point__028,target__retention_point__029,target__retention_point__030,target__retention_point__031,target__retention_point__032,target__retention_point__033,target__retention_point__034,target__retention_point__035,target__retention_point__036,target__retention_point__037,target__retention_point__038,target__retention_point__039,target__retention_point__040,target__retention_point__041,target__retention_point__042,target__retention_point__043,target__retention_point__044,target__retention_point__045,target__retention_point__046,target__retention_point__047,target__retention_point__048,target__retention_point__049,target__retention_point__050,target__retention_point__051,target__retention_point__052,target__retention_point__053,target__retention_point__054,target__retention_point__055,target__retention_point__056,target__retention_point__057,target__retention_point__058,target__retention_point__059,target__retention_point__060,target__retention_point__061,target__retention_point__062,target__retention_point__063,target__retention_point__064,target__retention_point__065,target__retention_point__066,target__retention_point__067,target__retention_point__068,target__retention_point__069,target__retention_point__070,target__retention_point__071,target__retention_point__072,target__retention_point__073,target__retention_point__074,target__retention_point__075,target__retention_point__076,target__retention_point__077,target__retention_point__078,target__retention_point__079,target__retention_point__080,target__retention_point__081,target__retention_point__082,target__retention_point__083,target__retention_point__084,target__retention_point__085,target__retention_point__086,target__retention_point__087,target__retention_point__088,target__retention_point__089,target__retention_point__090,target__retention_point__091,target__retention_point__092,target__retention_point__093,target__retention_point__094,target__retention_point__095,target__retention_point__096,target__retention_point__097,target__retention_point__098,target__retention_point__099
138P93_Z_u0,transcripts,1eVkwJcjsMyZqrvFMl3MZEeJpXvxnzsAm,1189.0,163,136000,0.065,0.027999999999999997,0.036,0.016,0.032,0.004,0.006999999999999999,0.094,0.01,0.021,103,61,100,1,0.9,3,1,0.20800000000000002,2,0,0.6589999999999999,1.8035134255722491,0.0,0.9237331296154826,2.5686274509803924,2.2964052287581698,0.06601307189542484,140.8725163398693,0.196,0.069,0.2825,0.062,0.138,0.1,5,0.6535328947368421,0.6675,0.3675,1.0,0.7610526315789474,0.75,0.47092105263157896,0.6323684210526317,0.7148684210526316,0.746842105263158,0.6975,0.6892105263157894,0.687236842105263,0.6675,0.6457894736842105,0.6375,0.6375,0.6225,0.615,0.5909210526315789,0.5814473684210526,0.555,0.3675,1.0,0.9987626262626262,0.8756818181818181,0.7868181818181819,0.765,0.7642424242424243,0.75,0.75,0.75,0.75,0.75,0.75,0.7490909090909091,0.7346212121212121,0.6517424242424241,0.4661363636363636,0.4749242424242424,0.4913636363636364,0.5195454545454546,0.5696969696969696,0.606060606060606,0.6395454545454545,0.68,0.6992424242424242,0.7068181818181818,0.7125000000000001,0.714469696969697,0.72,0.72,0.72,0.7268181818181818,0.7448484848484849,0.7378787878787878,0.71,0.7024242424242424,0.6975,0.6975,0.6975,0.6946212121212121,0.6870454545454545,0.6825,0.6856060606060606,0.6868181818181818,0.6825,0.6858333333333333,0.69,0.69,0.6864393939393939,0.6788636363636364,0.675,0.6825757575757576,0.6784090909090909,0.6675,0.6675,0.6634090909090908,0.66,0.6557575757575758,0.6481818181818182,0.645,0.645,0.645,0.6403787878787879,0.6375,0.6375,0.6375,0.6375,0.6425000000000001,0.6399242424242424,0.6375,0.6375,0.6321969696969696,0.63,0.6245454545454545,0.6225,0.6225,0.6225,0.6225,0.6166666666666667,0.615,0.626969696969697,0.611818181818182,0.5952272727272728,0.5925,0.5925,0.5861363636363637,0.5914393939393939,0.5925,0.585909090909091,0.5850000000000001,0.5782575757575756,0.5706818181818181,0.57,0.57,0.555909090909091,0.555,0.5478030303030302,0.5402272727272728,0.5253030303030303,0.49530303030303036,0.3675
1J5zlq2Vs3Y,transcripts,1zgK_2hxK6Xy27mEVmm6TcZuLMGTSv5VQ,1733.6,243,136000,0.102,0.071,0.043,0.003,0.008,0.0,0.018,0.024,0.002,0.0,200,88,100,0,0.9,0,1,0.242,7,2,0.634,2.6401415447297802,0.0,0.8294368987079984,6.58,3.8169999999999997,0.08566666666666667,138.83820000000003,0.1515,0.07100000000000001,0.261,0.044000000000000004,0.106,0.1,4,0.48612500000000003,0.44526315789473686,0.315,1.0,0.6730263157894737,0.6185526315789474,0.5865789473684211,0.5546052631578947,0.5301315789473684,0.5056578947368421,0.48118421052631577,0.4717105263157894,0.45473684210526316,0.44526315789473686,0.43578947368421056,0.4188157894736842,0.3975,0.39,0.3825,0.36750000000000005,0.3564473684210526,0.3375,0.315,1.0,0.9979292929292929,0.7936363636363636,0.7263636363636364,0.6893939393939393,0.6746212121212122,0.6661363636363636,0.644469696969697,0.6362878787878787,0.6225,0.6217424242424243,0.615,0.6140909090909091,0.605530303030303,0.5925,0.5913636363636364,0.5850000000000001,0.5824242424242425,0.5686363636363636,0.5625,0.5609848484848485,0.553409090909091,0.5458333333333333,0.5382575757575758,0.5306818181818181,0.5268939393939394,0.530530303030303,0.5229545454545454,0.5153787878787879,0.51,0.51,0.5076515151515152,0.5000757575757575,0.495,0.495,0.4923484848484848,0.48477272727272724,0.48,0.4771212121212121,0.4725,0.47250000000000003,0.4725,0.46931818181818186,0.46499999999999997,0.46166666666666667,0.46090909090909093,0.46151515151515154,0.453939393939394,0.45,0.45371212121212123,0.4575,0.4536363636363636,0.44606060606060605,0.45053030303030306,0.4534090909090909,0.45,0.4457575757575758,0.4381818181818181,0.43939393939393945,0.438030303030303,0.435,0.4303787878787878,0.42280303030303035,0.4152272727272728,0.4125,0.40757575757575754,0.405,0.3999242424242424,0.3975000000000001,0.4027272727272728,0.405,0.39424242424242417,0.39,0.39,0.38439393939393934,0.3825,0.38250000000000006,0.3825,0.3825,0.3765151515151516,0.36893939393939396,0.3736363636363636,0.375,0.3687121212121212,0.3675,0.3675,0.36098484848484846,0.36,0.36,0.3532575757575757,0.34568181818181815,0.345,0.345,0.33795454545454545,0.3375,0.3375,0.3375,0.33015151515151514,0.33,0.315
39R6j9qkzPo,transcripts,1fmROk9v4uUM4QGgDf_gS8sUkdoNcjCjv,991.72,128,136000,0.12574257425742574,0.06435643564356436,0.05643564356435644,0.007920792079207921,0.0,0.0,0.0,0.05544554455445544,0.0,0.0,107,70,101,1,0.9,2,1,0.1900990099009901,11,0,0.6801980198019802,2.4798533166180228,0.0,0.8152873814638519,4.392156862745098,3.9689542483660127,0.08823529411764706,141.5753594771242,0.14356435643564355,0.08514851485148514,0.2207920792079208,0.05643564356435644,0.13663366336633664,0.1,4,0.5437960526315789,0.5222368421052631,0.405,1.0,0.6355263157894737,0.6260526315789474,0.6075,0.5925,0.5751315789473683,0.5625,0.555,0.54,0.5175,0.5222368421052631,0.5107894736842106,0.5025,0.49184210526315786,0.48,0.4575,0.4409210526315789,0.43144736842105263,0.4219736842105262,0.405,1.0,0.9981565656565656,0.8150757575757576,0.6963636363636364,0.6590909090909091,0.6371212121212121,0.6304545454545455,0.6375,0.6375,0.6368181818181818,0.6292424242424243,0.6225,0.6225,0.6215151515151516,0.6139393939393939,0.6075,0.6062878787878788,0.6,0.6,0.598560606060606,0.5925,0.5925,0.5925,0.5907575757575758,0.5831818181818182,0.5774999999999999,0.575530303030303,0.57,0.57,0.57,0.5677272727272726,0.5625,0.5625,0.5625,0.5599242424242424,0.555,0.555,0.555,0.5521212121212121,0.5504545454545454,0.555,0.5487878787878788,0.54,0.54,0.5366666666666666,0.5290909090909091,0.5215151515151515,0.5175,0.5175,0.5175,0.5175,0.5175,0.521439393939394,0.525,0.5209090909090909,0.5133333333333333,0.5142424242424242,0.5131818181818182,0.51,0.51,0.51,0.5053787878787879,0.5025,0.5025,0.5073484848484848,0.5149242424242424,0.5074999999999998,0.4974242424242423,0.4898484848484848,0.49272727272727274,0.48439393939393927,0.48,0.48,0.48,0.4743939393939393,0.46681818181818185,0.4650000000000001,0.4591666666666667,0.4575,0.4575,0.45143939393939403,0.45000000000000007,0.44378787878787884,0.4425,0.43613636363636366,0.435,0.435,0.435,0.435,0.4282575757575757,0.4275,0.4275,0.4275,0.4275,0.4203787878787879,0.42,0.42,0.4126515151515151,0.4125,0.405
3G6JrAq-w4M,transcripts,1sO4wrtrja37YbYpQzeD1k9H6sblOKXk0,932.48,278,136000,0.06831683168316832,0.05148514851485149,0.07623762376237624,0.05742574257425742,0.007920792079207921,0.0,0.010891089108910892,0.04356435643564357,0.041584158415841586,0.017821782178217824,132,76,101,1,0.9,3,1,0.18613861386138614,25,3,0.6806930693069307,1.7632275132275133,0.0,0.8728291316526611,1.9215686274509804,2.3333333333333335,0.1437908496732026,132.1930392156863,0.13910891089108912,0.06683168316831684,0.2198019801980198,0.04108910891089109,0.15841584158415842,0.1,3,0.7940394736842105,0.8202631578947369,0.6525,1.0,0.9067105263157894,0.6335526315789474,0.69,0.6856578947368422,0.8972368421052631,0.8806578947368422,0.8711842105263158,0.8399999999999999,0.8419736842105263,0.8202631578947369,0.8242105263157894,0.8088157894736843,0.7961842105263157,0.7673684210526316,0.7575,0.75,0.735,0.7219736842105262,0.6525,1.0,1.0,0.9993434343434343,0.9665909090909091,0.9368939393939395,0.9194696969696969,0.8602272727272727,0.8234090909090908,0.7940151515151515,0.6920454545454544,0.6367424242424242,0.6333333333333333,0.6636363636363636,0.69,0.69,0.69,0.6851515151515151,0.6561363636363636,0.6388636363636363,0.645,0.6525757575757575,0.6952272727272727,0.7491666666666668,0.7690151515151514,0.7756818181818181,0.8476515151515152,0.8964393939393939,0.9054545454545454,0.8978787878787879,0.8903030303030304,0.885,0.8826515151515152,0.8775,0.8775,0.8775,0.8775,0.8747727272727273,0.8671969696969697,0.8625,0.8595454545454546,0.851969696969697,0.8443939393939394,0.84,0.84,0.84,0.84,0.8434848484848485,0.840378787878788,0.8288636363636364,0.825,0.825,0.825,0.821060606060606,0.8175,0.8175,0.8175,0.8175,0.8218181818181818,0.825,0.825,0.8204545454545454,0.812878787878788,0.81,0.8052272727272727,0.7976515151515151,0.795,0.795,0.8000757575757576,0.7921969696969696,0.7875,0.7821969696969697,0.774621212121212,0.7725,0.766969696969697,0.765,0.765,0.7592424242424243,0.7575,0.7575,0.7515151515151516,0.75,0.75,0.75,0.75,0.75,0.7435606060606061,0.7425,0.7425,0.7358333333333333,0.735,0.7350000000000001,0.735,0.728030303030303,0.7275,0.7203787878787878,0.72,0.7272727272727273,0.7201515151515151,0.7125757575757575,0.6525
3MncoqWP_qg,transcripts,1LJbBZS8R83iMyGQthBdK14UD2YcLhBoj,1012.58,274,136000,0.048999999999999995,0.034,0.03,0.021,0.022000000000000002,0.0,0.0,0.02,0.002,0.02,110,63,100,1,0.9,2,1,0.172,5,0,0.723,2.232730158730159,0.0,0.8872301587301586,2.08,2.5366666666666666,0.10166666666666666,140.50263333333334,0.124,0.038000000000000006,0.1895,0.037000000000000005,0.115,0.2,4,0.7022039473684211,0.677763157894737,0.45,1.0,0.8830263157894737,0.8435526315789473,0.8174999999999999,0.8025,0.7626315789473684,0.7425,0.7286842105263157,0.7125,0.6947368421052631,0.677763157894737,0.6532894736842105,0.6536842105263158,0.641842105263158,0.6225,0.6078947368421053,0.6,0.5850000000000001,0.5644736842105262,0.45,1.0,1.0,0.9985858585858586,0.9293181818181818,0.9065909090909091,0.8846212121212121,0.8765909090909091,0.8625,0.8618939393939394,0.8543181818181818,0.8467424242424243,0.84,0.8390909090909091,0.8305303030303031,0.8175000000000001,0.8175,0.8162878787878788,0.8087121212121213,0.8025,0.801060606060606,0.7965151515151515,0.8025,0.7991666666666667,0.7857575757575758,0.7781818181818181,0.7706060606060606,0.7630303030303031,0.7575,0.7553787878787879,0.75,0.7477272727272728,0.7425,0.7400757575757576,0.735,0.7375757575757576,0.7398484848484849,0.7322727272727272,0.7275,0.7246212121212121,0.7170454545454545,0.7125,0.7125,0.7125,0.7125,0.7091666666666667,0.701590909090909,0.6975,0.693939393939394,0.69,0.69,0.6862121212121212,0.6825,0.6785606060606061,0.675,0.6709090909090909,0.6675,0.6632575757575758,0.6556818181818181,0.6525,0.6525,0.6479545454545454,0.645,0.6496969696969697,0.6572727272727272,0.66,0.6501515151515151,0.645,0.645,0.6398484848484848,0.6322727272727272,0.63,0.63,0.6245454545454545,0.6225,0.6225,0.6168181818181819,0.615,0.615,0.6090909090909091,0.6075,0.6075,0.6013636363636364,0.6,0.6,0.6,0.6,0.5934848484848486,0.5925,0.5858333333333334,0.5850000000000001,0.5850000000000001,0.5781060606060605,0.570530303030303,0.57,0.5628787878787879,0.5553030303030304,0.555,0.5476515151515152,0.5252272727272728,0.45
3PBo1GiAlbs,transcripts,1UbOiAMFqYPFQ6i0MTlgtoiHt7IAJk5mn,1174.8799999999999,177,136000,0.03861386138613861,0.05841584158415841,0.0009900990099009901,0.061386138613861385,0.015841584158415842,0.0039603960396039604,0.016831683168316833,0.047524752475247525,0.034653465346534656,0.0019801980198019802,142,80,101,1,0.9,3,1,0.200990099009901,7,0,0.6762376237623762,2.412756811815635,0.0,0.8478889737713267,5.0,4.4223333333333334,0.253,140.98596666666668,0.19306930693069307,0.04702970297029703,0.24653465346534656,0.05396039603960396,0.13465346534653466,0.1,4,0.7035855263157894,0.705,0.27,1.0,0.8699999999999999,0.8246052631578947,0.6868421052631578,0.6675,0.7898684210526314,0.7875,0.7736842105263158,0.7567105263157894,0.7594736842105263,0.705,0.6982894736842106,0.6888157894736842,0.671842105263158,0.6525,0.6375,0.6327631578947366,0.611842105263158,0.5869736842105263,0.27,1.0,0.9997474747474747,0.9737878787878789,0.9140909090909091,0.8843939393939394,0.87,0.869090909090909,0.854469696969697,0.8468939393939394,0.8393181818181817,0.8309848484848485,0.8183333333333334,0.8177272727272727,0.7590909090909091,0.7136363636363636,0.6772727272727274,0.6924242424242424,0.7037121212121211,0.6961363636363637,0.6914393939393939,0.6914393939393939,0.6675,0.6741666666666667,0.704469696969697,0.7365909090909092,0.7706818181818182,0.7894696969696969,0.7929545454545455,0.7875,0.7875,0.7874999999999999,0.7874999999999999,0.7875,0.7849999999999999,0.78,0.78,0.7772727272727272,0.7725,0.7725,0.7695454545454545,0.7740909090909089,0.7750757575757576,0.7543181818181819,0.7532575757575757,0.7608333333333333,0.7684090909090909,0.7690151515151515,0.7578787878787878,0.7390909090909091,0.7237878787878789,0.7162121212121213,0.7086363636363636,0.705,0.7009848484848484,0.6975,0.6975,0.7017424242424242,0.7006818181818182,0.7018939393939394,0.700530303030303,0.6929545454545454,0.69,0.69,0.6852272727272728,0.6825,0.6825,0.6775,0.675,0.6698484848484848,0.6675,0.6621969696969696,0.654621212121212,0.6525,0.6525,0.6468939393939394,0.645,0.645,0.6391666666666667,0.6375,0.6315151515151516,0.623939393939394,0.6225,0.6225,0.6350757575757575,0.618409090909091,0.621439393939394,0.6290151515151515,0.6563636363636363,0.6266666666666669,0.6022727272727273,0.6,0.6,0.593030303030303,0.5925,0.5853787878787879,0.5778030303030303,0.5702272727272727,0.5553030303030303,0.42878787878787883,0.27
3WA4YT8fkx8,transcripts,1GEb9UvxzPWX_T-1_4bTy71X6DMm1YI3m,803.32,122,136000,0.01881188118811881,0.05148514851485149,0.007920792079207921,0.0059405940594059415,0.0,0.0,0.005940594059405941,0.032673267326732675,0.005940594059405941,0.0,109,67,101,0,0.9,0,1,0.20891089108910893,5,1,0.6564356435643564,1.7376944444444444,0.0,0.9416428571428571,2.44,2.7583333333333333,0.05666666666666667,140.21446666666668,0.13762376237623763,0.026237623762376237,0.2079207920792079,0.033663366336633666,0.08514851485148514,0.2,4,0.7098815789473684,0.69,0.5025,1.0,0.8530263157894737,0.8135526315789474,0.7875,0.765,0.75,0.7381578947368421,0.72,0.7057894736842105,0.705,0.69,0.6825,0.6738157894736843,0.66,0.6548684210526315,0.645,0.63,0.6189473684210527,0.6019736842105263,0.5025,1.0,0.9999747474747475,0.9958333333333333,0.9138636363636364,0.8765909090909091,0.8546212121212121,0.8470454545454547,0.838939393939394,0.8243939393939393,0.8175,0.8167424242424243,0.8091666666666668,0.8015909090909091,0.7949999999999999,0.7939393939393941,0.7875,0.7862878787878788,0.7812878787878788,0.7861363636363636,0.7785606060606061,0.7709848484848485,0.765,0.7633333333333334,0.7557575757575757,0.75,0.75,0.75,0.75,0.7478787878787879,0.7425,0.7425000000000002,0.7401515151515152,0.7325757575757575,0.7275,0.7249242424242424,0.72,0.72,0.72,0.7171212121212122,0.7125,0.709469696969697,0.705,0.7081818181818181,0.7157575757575757,0.72,0.7165909090909091,0.7090151515151515,0.705,0.705,0.7012878787878787,0.6937121212121211,0.69,0.69,0.6859848484848485,0.6825,0.6825,0.6825,0.6825,0.6825,0.6825,0.6870454545454545,0.6853787878787878,0.6778030303030304,0.6702272727272727,0.6675,0.6625757575757576,0.66,0.66,0.66,0.66,0.6546969696969697,0.6525,0.6579545454545456,0.6544696969696969,0.6468939393939394,0.645,0.645,0.645,0.645,0.645,0.6389393939393939,0.6375,0.6375,0.6312121212121212,0.63,0.63,0.63,0.623409090909091,0.6225,0.6157575757575757,0.615,0.615,0.608030303030303,0.6075,0.6003787878787878,0.6,0.5927272727272728,0.5925,0.5925,0.5025
4WcGtcKKoWg,transcripts,1QEeECVF68KZ_XIXJe3MSm8paHr4A7M1K,771.3,111,136000,0.07623762376237624,0.06534653465346535,0.04455445544554455,0.04554455445544554,0.06930693069306931,0.005940594059405941,0.008910891089108912,0.046534653465346534,0.0029702970297029703,0.046534653465346534,74,52,101,1,0.9,2,1,0.29207920792079206,3,4,0.601980198019802,1.5241060606060606,0.0,0.912142857142857,1.0,1.9216666666666666,0.06333333333333332,132.49803333333335,0.15544554455445544,0.03663366336633664,0.2376237623762376,0.04504950495049505,0.10693069306930694,0.1,4,0.8001184210526315,0.7949999999999999,0.51,1.0,0.8924999999999998,0.8885526315789474,0.8640789473684212,0.8553947368421053,0.8475,0.8325,0.8388157894736842,0.8175,0.7949999999999999,0.7949999999999999,0.7807894736842105,0.7725,0.7713157894736842,0.7650000000000001,0.7575,0.7559210526315788,0.7425,0.72,0.51,1.0,1.0,0.9987373737373737,0.9365909090909091,0.9068939393939395,0.8924999999999998,0.891590909090909,0.8780303030303029,0.8856060606060606,0.8925,0.8917424242424242,0.8841666666666668,0.8775,0.8775,0.876439393939394,0.8688636363636364,0.8625,0.8625,0.8625,0.8625,0.8609848484848486,0.8565909090909092,0.8625,0.8607575757575757,0.855,0.8531060606060606,0.8475,0.8475000000000001,0.8475,0.8453030303030303,0.8377272727272727,0.8325,0.8300757575757576,0.825,0.825,0.8276515151515151,0.8352272727272727,0.8371969696969697,0.8296212121212121,0.8220454545454545,0.8175,0.8175,0.8175,0.8142424242424242,0.8066666666666666,0.7990909090909091,0.795,0.795,0.795,0.795,0.795,0.795,0.795,0.7909848484848485,0.7834090909090909,0.7841666666666667,0.7875,0.7831818181818182,0.78,0.78,0.78,0.7753787878787879,0.7725,0.7725,0.7725,0.7725,0.7725,0.7674242424242423,0.7753030303030304,0.7695454545454544,0.765,0.765,0.765,0.7650000000000001,0.7593939393939393,0.7575,0.7574999999999998,0.7575,0.7575,0.7575,0.7575,0.7636363636363637,0.7712121212121211,0.7599242424242425,0.7511363636363637,0.7435606060606061,0.7425,0.7425,0.7425,0.7425,0.7425,0.7287121212121213,0.7205303030303031,0.72,0.72,0.7128030303030304,0.7125,0.7051515151515152,0.6010606060606061,0.51
6_qPAwOsDi0,transcripts,1FCyizBgEzn1dWhcYzvt5JpNT0Z0E_ufe,1094.28,160,136000,0.035,0.18600000000000003,0.006999999999999999,0.11900000000000001,0.026999999999999996,0.012999999999999998,0.161,0.057999999999999996,0.006999999999999999,0.0,243,94,100,1,0.9,2,1,0.276,31,4,0.6225,1.8100561139488476,0.0,0.9186961058933377,2.411764705882353,2.3302054154995333,0.08940242763772176,140.82857609710553,0.131,0.0335,0.21100000000000002,0.0365,0.09,0.0,4,0.7279210526315789,0.7125,0.495,1.0,0.9055263157894737,0.8775,0.841578947368421,0.8025,0.78,0.765,0.75,0.7342105263157894,0.7172368421052631,0.7125,0.6975,0.6825,0.675,0.6525,0.6375,0.6209210526315789,0.6114473684210526,0.6,0.495,1.0,0.9999747474747475,0.9962878787878788,0.9368181818181819,0.9146969696969698,0.9071212121212121,0.8995454545454546,0.8919696969696969,0.885,0.8843181818181818,0.8775,0.8766666666666666,0.8690909090909091,0.8615151515151516,0.8539393939393939,0.8463636363636363,0.84,0.8387121212121211,0.8297727272727273,0.8175,0.814469696969697,0.8025,0.8008333333333334,0.7949999999999999,0.7931818181818182,0.7856060606060605,0.78,0.7779545454545455,0.7725,0.7703030303030303,0.7650000000000001,0.765,0.765,0.7625,0.7575,0.7548484848484848,0.75,0.75,0.7471212121212122,0.7425,0.7425,0.7393939393939395,0.7318181818181819,0.7275,0.7275,0.7240909090909091,0.72,0.7164393939393939,0.7125,0.7125,0.7125,0.7125,0.7125,0.7084848484848485,0.7090909090909091,0.7083333333333333,0.7007575757575757,0.6975,0.6975,0.6975,0.6929545454545454,0.6853787878787878,0.6825,0.6825,0.6776515151515152,0.675,0.675,0.675,0.675,0.675,0.6643939393939393,0.66,0.6545454545454544,0.6525,0.6468939393939394,0.645,0.6392424242424243,0.6375,0.6375,0.6315151515151516,0.6300000000000001,0.6238636363636365,0.6225,0.6225,0.6161363636363637,0.615,0.6280303030303029,0.63,0.6166666666666667,0.6082575757575759,0.6075,0.6006060606060606,0.6,0.6,0.6,0.5856060606060607,0.5850000000000001,0.577651515151515,0.5552272727272728,0.495
6Ha1lqRKMig,transcripts,1lAxYPrF6iIQJOssHT4qPtQ4ue-5yynnG,1044.3999999999999,139,136000,0.11386138613861387,0.07722772277227723,0.032673267326732675,0.01386138613861386,0.034653465346534656,0.00693069306930693,0.010891089108910892,0.06534653465346535,0.0009900990099009901,0.0029702970297029708,141,71,101,0,0.9,0,0,0.18118811881188118,1,1,0.7138613861386138,2.2519649122807017,0.0,0.8394181286549707,4.02,3.162555555555555,0.06666666666666667,139.6889777777778,0.1417821782178218,0.07920792079207921,0.19554455445544555,0.03693069306930693,0.1600990099009901,0.0,4,0.6003026315789474,0.5782894736842106,0.42,1.0,0.8325,0.7235526315789473,0.560921052631579,0.5928947368421053,0.6525,0.63,0.6086842105263158,0.6075,0.5925,0.5782894736842106,0.5625,0.555,0.5443421052631578,0.5325,0.5253947368421052,0.51,0.5025,0.47447368421052627,0.42,1.0,0.9993686868686869,0.9361363636363637,0.869090909090909,0.8396969696969696,0.8325,0.8297727272727273,0.7853787878787878,0.7562878787878787,0.7411363636363637,0.7267424242424242,0.7183333333333333,0.7004545454545454,0.6566666666666666,0.5807575757575758,0.5561363636363637,0.5625,0.5637878787878788,0.5713636363636363,0.5803787878787878,0.5925,0.5940909090909091,0.6066666666666667,0.6352272727272728,0.6525,0.6525,0.6525,0.6504545454545454,0.645,0.6428030303030303,0.6352272727272728,0.63,0.63,0.6275,0.6199242424242424,0.615,0.6122727272727273,0.6075,0.6075,0.6075,0.6075,0.6075,0.6075,0.6042424242424242,0.6,0.5965909090909092,0.5925,0.5925,0.5888636363636364,0.5850000000000001,0.5850000000000001,0.5888636363636364,0.5806818181818181,0.57,0.57,0.5658333333333333,0.5625,0.5625,0.5581060606060606,0.555,0.555,0.555,0.555,0.555,0.5501515151515152,0.5475,0.5475,0.5475,0.5423484848484849,0.54,0.54,0.54,0.5345454545454545,0.5325,0.5268939393939394,0.525,0.525,0.5308333333333333,0.5265909090909091,0.525,0.5189393939393939,0.5175,0.5112878787878788,0.51,0.51,0.51,0.5034848484848484,0.5025,0.5025,0.5025,0.4956818181818182,0.4881060606060606,0.4875,0.4804545454545454,0.4728787878787879,0.4653030303030304,0.45772727272727276,0.45015151515151514,0.4351515151515152,0.42
7g_56jn0NCA,transcripts,1oDoORuSWi7VbH4x2CPUUfe77NGmgiM3R,1747.96,593,136000,0.09207920792079206,0.14356435643564355,0.04554455445544555,0.08217821782178218,0.008910891089108912,0.007920792079207921,0.1188118811881188,0.07425742574257425,0.0019801980198019802,0.011881188118811881,239,89,101,1,0.9,2,1,0.23564356435643566,8,4,0.6485148514851485,1.9678822491322492,0.0,0.8792422284922284,4.0,2.972047619047619,0.11699999999999999,139.9366380952381,0.16435643564356436,0.0707920792079208,0.2584158415841584,0.04207920792079208,0.1425742574257426,0.0,4,0.6547368421052632,0.625263157894737,0.495,1.0,0.8080263157894737,0.7685526315789474,0.650921052631579,0.6978947368421052,0.7002631578947368,0.6825,0.6611842105263158,0.6592105263157895,0.6477631578947369,0.625263157894737,0.6284210526315789,0.6075,0.6,0.5925,0.5778947368421051,0.5759210526315788,0.5664473684210526,0.5494736842105263,0.495,1.0,0.9989141414141414,0.891590909090909,0.8468181818181819,0.8243939393939393,0.8096212121212122,0.8020454545454545,0.793939393939394,0.7793939393939394,0.7725,0.7717424242424242,0.7633333333333333,0.7481818181818182,0.7271212121212121,0.6707575757575758,0.6461363636363636,0.6537121212121212,0.6587121212121213,0.6538636363636364,0.66,0.6675757575757576,0.6990909090909091,0.705,0.7084848484848485,0.7163636363636364,0.705,0.7010606060606059,0.69,0.6878787878787878,0.6825,0.6825,0.6825,0.6800757575757576,0.675,0.6775757575757576,0.6771969696969696,0.6647727272727273,0.66,0.6571212121212121,0.6554545454545454,0.656969696969697,0.6556060606060606,0.6568181818181819,0.6492424242424242,0.645,0.645,0.645,0.6485606060606061,0.6597727272727272,0.6563636363636364,0.6374242424242424,0.63,0.6260606060606061,0.6225,0.6184090909090909,0.615,0.615,0.6236363636363637,0.6212121212121211,0.615,0.6104545454545455,0.6075,0.6075,0.6075,0.6075,0.6025757575757575,0.6050000000000001,0.6024242424242424,0.6,0.6,0.5946969696969697,0.5925,0.5925,0.5925,0.5868939393939394,0.5850000000000001,0.5850000000000001,0.5850000000000001,0.5790909090909091,0.5834848484848485,0.5850000000000001,0.5788636363636364,0.5774999999999999,0.5774999999999999,0.5711363636363637,0.57,0.57,0.57,0.57,0.5632575757575757,0.5625,0.5625,0.555530303030303,0.555,0.5478787878787879,0.5403030303030304,0.5327272727272727,0.5325,0.5176515151515151,0.495
8__NWVjeyZ8,transcripts,1tegK1VSsQg9FcWxc1Gjrx21Kw5oEsDrX,1589.38,622,136000,0.099,0.024,0.027000000000000003,0.066,0.048,0.005,0.011000000000000001,0.038,0.006999999999999999,0.016,114,60,100,1,0.95,3,1,0.147,4,0,0.73,1.8267357503607502,0.0,0.9324166666666666,3.18,1.6603333333333332,0.059833333333333336,141.6418666666667,0.205,0.086,0.268,0.107,0.18599999999999997,0.2,4,0.6457565789473685,0.645,0.345,1.0,0.8565789473684211,0.8103947368421053,0.765,0.7567105263157895,0.45473684210526316,0.5171052631578946,0.7085526315789472,0.6667105263157895,0.6619736842105262,0.645,0.6232894736842106,0.5861842105263159,0.5944736842105263,0.5928947368421054,0.6209210526315789,0.5747368421052633,0.5818421052631579,0.5530263157894737,0.345,1.0,0.9992171717171717,0.9211363636363636,0.8540909090909091,0.8265151515151514,0.8613636363636364,0.8386363636363636,0.8180303030303031,0.8237878787878787,0.8093181818181818,0.8040151515151515,0.8141666666666667,0.7875,0.7865151515151515,0.7778787878787878,0.765,0.7625757575757576,0.7487121212121213,0.7425,0.7468181818181818,0.7634848484848484,0.7543181818181818,0.7308333333333334,0.6359848484848486,0.4575,0.45560606060606057,0.453939393939394,0.45886363636363636,0.4425,0.4381060606060606,0.43886363636363646,0.49318181818181805,0.598636363636364,0.7100000000000002,0.75,0.7420454545454545,0.7193181818181817,0.6993939393939392,0.687121212121212,0.6795454545454546,0.675,0.6718939393939394,0.6643181818181818,0.66,0.6666666666666667,0.6920454545454545,0.6915909090909091,0.6603787878787879,0.6597727272727272,0.6563636363636364,0.6525757575757576,0.6522727272727273,0.645,0.636969696969697,0.63,0.6216666666666666,0.6234848484848485,0.6256818181818182,0.6137121212121213,0.5985606060606061,0.5925,0.5925,0.5878030303030304,0.5897727272727273,0.6021969696969698,0.6025757575757575,0.5849999999999999,0.5825757575757576,0.6004545454545456,0.5865909090909089,0.5509848484848483,0.5453787878787879,0.569318181818182,0.5940909090909092,0.5887878787878787,0.5793181818181818,0.5774999999999999,0.5891666666666666,0.6161363636363635,0.5806060606060609,0.5821212121212122,0.5850000000000001,0.5787878787878787,0.5712121212121212,0.5890909090909091,0.6182575757575757,0.583409090909091,0.5709090909090908,0.59,0.5722727272727274,0.57,0.5493181818181818,0.554469696969697,0.5479545454545455,0.5546212121212122,0.5478030303030302,0.5329545454545455,0.5251515151515151,0.4284848484848485,0.345
8YXWaEo201o,transcripts,1THPNvh1yM8Lfllqlt33ZPFFLHd0InZYr,1114.96,171,136000,0.12475247524752475,0.08613861386138613,0.05841584158415842,0.007920792079207921,0.011881188118811883,0.0,0.009900990099009901,0.023762376237623763,0.0,0.0,146,71,101,1,0.9,2,1,0.24851485148514854,9,2,0.6425742574257426,1.7446378066378065,0.0,0.9871428571428571,2.44,2.4943333333333335,0.18899999999999997,143.49236666666667,0.12821782178217822,0.11831683168316831,0.2272277227722772,0.034653465346534656,0.1306930693069307,0.1,4,0.695828947368421,0.6994736842105262,0.5774999999999999,1.0,0.7930263157894737,0.7796052631578947,0.7618421052631579,0.8032894736842106,0.72,0.7081578947368421,0.6986842105263158,0.7042105263157894,0.69,0.6994736842105262,0.6675,0.645,0.6343421052631579,0.6225,0.615,0.6,0.5964473684210526,0.6,0.5774999999999999,1.0,0.9991414141414141,0.9133333333333333,0.8318181818181819,0.8093939393939394,0.7946212121212122,0.7870454545454545,0.78,0.7806060606060606,0.7875,0.7859848484848484,0.7716666666666667,0.764090909090909,0.7575,0.7564393939393939,0.7522727272727273,0.7637878787878788,0.7562121212121211,0.75,0.75,0.7606060606060605,0.8056818181818182,0.8025000000000001,0.7447727272727273,0.7275,0.7256060606060606,0.72,0.7179545454545454,0.7125,0.7125,0.7125,0.7101515151515152,0.705,0.7075,0.7099242424242425,0.705,0.7022727272727272,0.6975,0.6975,0.7004545454545454,0.705,0.705,0.7018181818181818,0.6975,0.6975,0.6940909090909091,0.69,0.69,0.69,0.69,0.69,0.69,0.6978787878787879,0.713030303030303,0.7036363636363636,0.6816666666666666,0.6707575757575757,0.6675,0.6631060606060606,0.66,0.66,0.6553787878787879,0.6478030303030303,0.645,0.645,0.6400757575757575,0.6375,0.6375,0.6323484848484848,0.63,0.6353030303030303,0.6321212121212121,0.6245454545454545,0.6225,0.6225,0.6168181818181819,0.615,0.615,0.615,0.615,0.615,0.6088636363636365,0.6075,0.6012121212121213,0.6,0.6,0.6,0.6065909090909091,0.6008333333333333,0.5932575757575758,0.5925,0.5925,0.5925,0.5995454545454545,0.6,0.6,0.6,0.5926515151515152,0.5850757575757577,0.5774999999999999
9B3N8I4Vidc,transcripts,19Ia-ZCMEQztDTI3eFofAaxEH8aRKT0HJ,744.84,106,136000,0.15346534653465346,0.041584158415841586,0.06435643564356436,0.0801980198019802,0.05346534653465347,0.008910891089108912,0.01386138613861386,0.05049504950495049,0.0059405940594059415,0.01386138613861386,126,73,101,1,0.9,3,1,0.12772277227722773,1,0,0.7336633663366336,2.596574993633817,0.0,0.7284957417310358,3.764705882352941,3.3186274509803924,0.1715686274509804,136.6664705882353,0.15544554455445544,0.07821782178217822,0.24900990099009904,0.058910891089108915,0.10297029702970298,0.3,5,0.6483552631578947,0.675,0.4125,0.9975,0.7405263157894737,0.735,0.729078947368421,0.6967105263157894,0.4898684210526315,0.5261842105263157,0.69,0.6892105263157894,0.6797368421052632,0.675,0.6607894736842106,0.6525,0.641842105263158,0.6248684210526316,0.6003947368421053,0.5909210526315789,0.5774999999999999,0.5569736842105263,0.4125,0.9975,0.9959848484848486,0.8462878787878788,0.7865909090909091,0.7568939393939395,0.7421212121212122,0.7345454545454545,0.728030303030303,0.7343939393939394,0.7281818181818183,0.735,0.735,0.735,0.735,0.7349999999999999,0.7338636363636364,0.7275,0.7287878787878789,0.7350000000000001,0.7306818181818182,0.7094696969696971,0.6943181818181818,0.6791666666666666,0.6553030303030304,0.5877272727272728,0.49871212121212116,0.48946969696969694,0.495,0.49924242424242427,0.5187878787878788,0.5331818181818182,0.5221969696969697,0.5567424242424244,0.6250000000000002,0.6703030303030304,0.69,0.69,0.69,0.69,0.69,0.69,0.69,0.6868181818181818,0.6825,0.6825,0.6790909090909092,0.6784848484848485,0.678939393939394,0.675,0.675,0.675,0.675,0.675,0.6709848484848485,0.6675,0.6675,0.6675,0.6631818181818182,0.6643939393939394,0.6675,0.6629545454545455,0.6553787878787879,0.6525,0.6525,0.6525,0.6525,0.6475,0.645,0.6398484848484848,0.6375,0.6321969696969696,0.63,0.63,0.624469696969697,0.6168939393939393,0.615,0.6092424242424244,0.6075,0.6015909090909092,0.6,0.6,0.5938636363636365,0.5925,0.5925,0.5861363636363637,0.5850000000000001,0.5850000000000001,0.5784090909090909,0.5774999999999999,0.5774999999999999,0.5774999999999999,0.5706060606060606,0.563030303030303,0.5625,0.5553787878787879,0.555,0.5477272727272727,0.5401515151515152,0.5028787878787878,0.4125
b5gAWk2QuSU,transcripts,1IiKZi8-217th25CJVv7Ih2ZaJSKO1fIX,1000.4599999999999,325,136000,0.05742574257425742,0.033663366336633666,0.025742574257425745,0.0039603960396039604,0.007920792079207921,0.00693069306930693,0.0049504950495049506,0.01881188118811881,0.0049504950495049506,0.008910891089108912,172,85,101,1,0.9,2,1,0.17722772277227722,3,1,0.698019801980198,1.5689098291174415,0.0,0.9549256203235442,2.450980392156863,2.4944444444444445,0.05555555555555556,140.61506535947714,0.15495049504950495,0.048514851485148516,0.19950495049504952,0.030693069306930693,0.1415841584158416,0.1,5,0.7547039473684211,0.75,0.4875,1.0,0.8810526315789473,0.8475,0.8265789473684211,0.81,0.7949999999999999,0.7875,0.7725,0.765,0.7622368421052632,0.75,0.735,0.7275,0.716842105263158,0.705,0.69,0.6884210526315788,0.6789473684210526,0.6675,0.4875,1.0,1.0,0.9984343434343435,0.921590909090909,0.8921969696969697,0.8842424242424243,0.8695454545454545,0.861969696969697,0.855,0.8543181818181818,0.8475,0.8466666666666668,0.8390909090909091,0.8325,0.8325,0.8313636363636363,0.8237878787878787,0.8175,0.8174999999999999,0.8175,0.8159848484848485,0.81,0.8083333333333333,0.8025,0.8006818181818182,0.795,0.795,0.7929545454545455,0.7875,0.7875,0.7874999999999999,0.7874999999999999,0.7875,0.7849999999999999,0.78,0.7773484848484848,0.7725,0.7725,0.7696212121212122,0.7679545454545454,0.7755303030303029,0.7737878787878789,0.765,0.765,0.765,0.765,0.765,0.761439393939394,0.7538636363636364,0.75,0.75,0.75,0.75,0.7540151515151514,0.7575,0.7491666666666666,0.7382575757575758,0.735,0.735,0.735,0.7304545454545455,0.7275,0.7275,0.7275,0.7226515151515152,0.7249242424242425,0.7275,0.7224242424242424,0.7148484848484848,0.7125,0.7071969696969695,0.705,0.705,0.705,0.6993939393939393,0.6975,0.6917424242424243,0.69,0.69,0.69,0.69,0.69,0.69,0.69,0.6836363636363636,0.6825,0.6759848484848485,0.675,0.6816666666666666,0.6757575757575758,0.675,0.675,0.668030303030303,0.6675,0.6675,0.6531060606060606,0.6306818181818182,0.578560606060606,0.5181060606060606,0.4875
bK-1Mfb93uA,transcripts,1NySs4fK_b-lZlv-2AKdrCThhocJXgKzb,861.7600000000001,233,136000,0.048,0.006,0.011000000000000001,0.013000000000000001,0.014000000000000002,0.0,0.009000000000000001,0.09699999999999999,0.008,0.006,125,79,100,1,0.9,2,1,0.14,4,0,0.723,2.1970276999688765,0.0,0.8849673202614379,2.2941176470588234,2.1449579831932772,0.0718954248366013,135.31508403361346,0.12300000000000001,0.028999999999999998,0.17600000000000002,0.050499999999999996,0.10400000000000001,0.1,5,0.6600065789473685,0.6225,0.3675,1.0,0.7985526315789473,0.7725,0.765,0.7575,0.7476315789473684,0.7113157894736841,0.6888157894736842,0.6667105263157895,0.6422368421052631,0.6225,0.6075,0.6,0.5925,0.5798684210526315,0.5850000000000001,0.57,0.5625,0.5625,0.3675,1.0,0.9999747474747475,0.9947727272727274,0.8611363636363637,0.8168939393939394,0.8017424242424241,0.786590909090909,0.7714393939393939,0.7581060606060606,0.7656818181818182,0.7725,0.7725,0.7734090909090909,0.7790151515151515,0.771439393939394,0.765,0.765,0.7662878787878789,0.7725,0.771060606060606,0.7634848484848484,0.7575,0.7574999999999998,0.7575,0.7556818181818181,0.75,0.748030303030303,0.7404545454545455,0.735,0.7306060606060605,0.72,0.7153030303030303,0.7025757575757575,0.695,0.6874242424242424,0.6825,0.6852272727272728,0.69,0.69,0.6870454545454545,0.6794696969696971,0.6718939393939394,0.6643181818181818,0.6632575757575758,0.6608333333333334,0.6525,0.6490151515151515,0.6414393939393939,0.6375,0.6337878787878788,0.63,0.6261363636363637,0.6225,0.6184848484848484,0.615,0.6108333333333333,0.6075,0.6075,0.6075,0.6075,0.6029545454545454,0.6,0.6,0.6,0.6048484848484849,0.6075,0.6025,0.5949242424242425,0.5925,0.5872727272727273,0.5850000000000001,0.5850000000000001,0.5850000000000001,0.5794696969696969,0.5774999999999999,0.5774999999999999,0.5832575757575758,0.5850000000000001,0.5850000000000001,0.5850000000000001,0.578939393939394,0.5713636363636363,0.57,0.57,0.57,0.57,0.57,0.563409090909091,0.5625,0.5625,0.5625,0.5556060606060607,0.555,0.5620454545454545,0.5625,0.540909090909091,0.5327272727272727,0.5104545454545455,0.4357575757575758,0.3675
BZEZxzRJ-L4,transcripts,1QidJxOlejWcUXWHT9NIBAKXnoN3LNiG9,1645.28,569,136000,0.086,0.01,0.019,0.011000000000000001,0.009000000000000001,0.0,0.003,0.051,0.004,0.0,79,45,100,1,0.9,0,1,0.11599999999999999,0,1,0.765,1.8345471864736569,0.0,0.9157666666666667,3.16,2.0219603174603176,0.10083333333333334,141.1717515873016,0.17800000000000002,0.106,0.235,0.1105,0.228,0.0,5,0.6734671052631579,0.6402631578947369,0.3075,1.0,0.7930263157894737,0.799342105263158,0.783157894736842,0.7271052631578947,0.756315789473684,0.700657894736842,0.6963157894736842,0.7369736842105262,0.6742105263157894,0.6402631578947369,0.6315789473684211,0.6161842105263158,0.6138157894736842,0.6505263157894738,0.5850000000000001,0.5909210526315789,0.6,0.5664473684210525,0.3075,1.0,0.9987626262626262,0.8765909090909091,0.8318181818181819,0.8093939393939394,0.7946212121212122,0.7875,0.7875,0.7868939393939394,0.7806818181818181,0.7897727272727272,0.8133333333333335,0.8363636363636364,0.8090151515151516,0.8014393939393939,0.7927272727272727,0.7775757575757576,0.7662878787878789,0.7738636363636363,0.7756818181818181,0.751439393939394,0.725909090909091,0.7183333333333333,0.7125,0.7143181818181819,0.7237878787878788,0.7527272727272727,0.8086363636363636,0.7953030303030302,0.7134090909090909,0.6997727272727272,0.7026515151515151,0.6950757575757576,0.69,0.6874242424242424,0.6851515151515152,0.6927272727272726,0.6918939393939394,0.6882575757575757,0.7240909090909089,0.780151515151515,0.7776515151515153,0.7202272727272728,0.6834848484848485,0.6716666666666666,0.6675,0.6744696969696969,0.6718181818181819,0.66,0.6674242424242425,0.6712121212121211,0.6559090909090909,0.6410606060606061,0.6375,0.6375,0.6416666666666666,0.645,0.6363636363636362,0.63,0.625530303030303,0.6270454545454546,0.6253787878787879,0.6178030303030303,0.6197727272727274,0.6273484848484849,0.6250757575757576,0.6225,0.6123484848484848,0.6178030303030304,0.6172727272727272,0.615,0.620378787878788,0.6279545454545455,0.6521212121212123,0.6207575757575754,0.6075,0.5959848484848487,0.5866666666666668,0.5850000000000001,0.5969696969696969,0.6,0.5877272727272729,0.5850000000000001,0.5912878787878788,0.5861363636363637,0.5850000000000001,0.5915151515151515,0.585909090909091,0.5983333333333333,0.6,0.5727272727272728,0.57,0.57,0.5770454545454544,0.5632575757575757,0.5553030303030304,0.5331818181818182,0.4002272727272728,0.33810606060606063,0.3075
Db6f982wxPg,transcripts,1bRnTP3v4rUcggRrd8A-ArvPxHrUF1MKE,722.2,145,136000,0.31287128712871287,0.12079207920792079,0.1712871287128713,0.0019801980198019802,0.00891089108910891,0.0,0.007920792079207921,0.01485148514851485,0.0,0.008910891089108912,182,91,101,0,0.9,0,1,0.15148514851485148,8,1,0.7287128712871287,1.4895658263305322,0.0,0.9101307189542484,1.4705882352941178,2.196078431372549,0.058823529411764705,132.3714705882353,0.08712871287128714,0.18910891089108908,0.21386138613861388,0.05346534653465347,0.18613861386138614,0.0,5,0.7509934210526316,0.7275,0.5850000000000001,1.0,0.8790789473684211,0.8475,0.8475,0.8175,0.8151315789473685,0.7906578947368421,0.7736842105263158,0.7575,0.7425,0.7275,0.72,0.7073684210526315,0.705,0.69,0.675,0.66,0.6489473684210526,0.63,0.5850000000000001,1.0,1.0,0.9987373737373737,0.9365909090909091,0.9065909090909091,0.8838636363636364,0.8620454545454546,0.855,0.8537878787878788,0.8406818181818181,0.8475,0.8466666666666668,0.8409090909090909,0.8475,0.8475,0.8475,0.8462878787878788,0.8387121212121211,0.8311363636363637,0.825,0.8234848484848485,0.8175,0.8175000000000001,0.8175,0.8175,0.8175,0.8155303030303032,0.81,0.8078787878787879,0.8003030303030303,0.7950000000000002,0.7926515151515152,0.7875,0.7849999999999999,0.78,0.78,0.7772727272727272,0.7725,0.7696212121212122,0.7620454545454546,0.7575,0.7575,0.7575,0.7542424242424242,0.75,0.75,0.7465151515151516,0.7425,0.7425,0.7387878787878788,0.735,0.7311363636363637,0.7275,0.7275,0.7234090909090909,0.72,0.72,0.72,0.72,0.7155303030303031,0.7125,0.7125,0.7078030303030303,0.7145454545454545,0.7151515151515151,0.7125,0.7125,0.7074242424242423,0.705,0.6997727272727272,0.6975,0.692121212121212,0.69,0.69,0.6843939393939393,0.6825,0.6767424242424243,0.675,0.675,0.6690151515151516,0.6675,0.6613636363636364,0.6600000000000001,0.66,0.66,0.6535606060606061,0.6525,0.6525,0.6525000000000001,0.6457575757575759,0.6381818181818181,0.6375,0.6305303030303031,0.63,0.63,0.6228030303030304,0.6225,0.6225,0.6150757575757576,0.5850000000000001
DrS6_CT0XrU,transcripts,1JlrvS9zEUNM5jHy8LNiaROGsVb7DyhDh,506.9,100,136000,0.075,0.055,0.035,0.06,0.006999999999999999,0.0,0.003,0.019,0.001,0.0,73,54,100,1,1.0,1,1,0.273,1,0,0.63,1.259648303765951,0.0,0.7784780578898225,1.7843137254901962,2.1241830065359477,0.06862745098039216,115.2019934640523,0.128,0.057999999999999996,0.161,0.043,0.139,0.1,4,0.7031118421052632,0.675,0.6,1.0,0.8565789473684211,0.7689473684210526,0.751578947368421,0.7346052631578948,0.7125,0.700657894736842,0.6975,0.6825,0.675,0.675,0.6682894736842105,0.66,0.6525,0.6576315789473685,0.645,0.645,0.6414473684210527,0.6375,0.6,1.0,1.0,0.9993434343434343,0.9656818181818182,0.9056818181818183,0.8613636363636364,0.8386363636363636,0.8159090909090909,0.7937878787878788,0.7786363636363636,0.7657575757575759,0.7725,0.7725,0.7725,0.7703787878787879,0.7563636363636363,0.7487878787878788,0.7412121212121213,0.7363636363636364,0.7410606060606062,0.735,0.7334090909090909,0.7275,0.7257575757575758,0.72,0.7181060606060605,0.7125,0.7125,0.7125,0.7125,0.7102272727272727,0.7026515151515151,0.6975,0.6975,0.6975,0.6975,0.6975,0.6975,0.6946212121212121,0.69,0.686969696969697,0.6825,0.6825,0.6825,0.6825,0.6825,0.6790151515151516,0.675,0.675,0.675,0.675,0.675,0.675,0.6790151515151516,0.6825,0.6783333333333333,0.675,0.6706818181818182,0.6675,0.6630303030303031,0.66,0.66,0.66,0.66,0.66,0.66,0.66,0.6549242424242424,0.6525,0.6525,0.6525,0.6525,0.6525,0.6580303030303031,0.66,0.6543181818181818,0.6467424242424242,0.645,0.645,0.645,0.645,0.645,0.645,0.645,0.645,0.645,0.645,0.645,0.645,0.6382575757575757,0.6375,0.6375,0.6375,0.6375,0.6375,0.6303030303030304,0.63,0.6226515151515153,0.6150757575757576,0.6
dx7dMwMXSAA,transcripts,19_GbRTiYF-v9CF7-sy_NGDzoralueust,1524.8400000000001,209,136000,0.19306930693069307,0.04851485148514851,0.16930693069306932,0.021782178217821784,0.00693069306930693,0.005940594059405941,0.0297029702970297,0.04257425742574257,0.0,0.0,160,77,101,1,0.9,2,1,0.28217821782178215,12,3,0.6217821782178218,1.7081348118112825,0.0,0.8622602071131482,3.823529411764706,2.822549019607843,0.18300653594771243,134.4342156862745,0.12227722772277227,0.14603960396039603,0.24603960396039606,0.028811881188118813,0.14554455445544554,0.1,4,0.6002434210526315,0.5755263157894737,0.42,1.0,0.7535526315789474,0.7046052631578947,0.6631578947368422,0.6375,0.6303947368421052,0.611842105263158,0.6,0.5850000000000001,0.5774999999999999,0.5755263157894737,0.5625,0.555,0.5443421052631578,0.5451315789473685,0.54,0.5309210526315788,0.5139473684210526,0.45394736842105254,0.42,1.0,0.9989141414141414,0.8911363636363636,0.8236363636363635,0.7790909090909091,0.7567424242424242,0.7420454545454547,0.734469696969697,0.7275,0.7261363636363637,0.7109848484848486,0.6966666666666668,0.6890909090909091,0.6825,0.6814393939393939,0.6727272727272728,0.6587878787878788,0.6525,0.6525,0.6510606060606061,0.6434848484848484,0.6375,0.6358333333333333,0.63,0.63,0.6318939393939393,0.6315909090909091,0.615,0.6128787878787879,0.6075,0.6075,0.6098484848484849,0.6125757575757576,0.6075,0.6049242424242424,0.6,0.6,0.5971969696969697,0.5896212121212122,0.5850000000000001,0.5850000000000001,0.5850000000000001,0.5850000000000001,0.5850000000000001,0.5816666666666667,0.5774999999999999,0.5774999999999999,0.5774999999999999,0.5774999999999999,0.5774999999999999,0.5812878787878788,0.5850000000000001,0.5771212121212121,0.5659848484848484,0.5625,0.5625,0.5625,0.5625,0.5625,0.5625,0.5579545454545455,0.555,0.555,0.555,0.555,0.5500757575757576,0.5475,0.5475,0.5423484848484849,0.54,0.54,0.54,0.54,0.5455303030303031,0.5475,0.5418181818181819,0.54,0.54,0.54,0.54,0.54,0.5338636363636364,0.5325,0.5325,0.5261363636363637,0.525,0.5184848484848484,0.5175,0.5175,0.5107575757575759,0.48954545454545456,0.48060606060606065,0.473030303030303,0.4654545454545455,0.4507575757575758,0.45,0.4427272727272727,0.4425,0.4350757575757576,0.42
e21aHqRYPKE,transcripts,182zBqSrhFNOhBfzIlril2a3YvTL_8NBH,1190.08,270,136000,0.12376237623762376,0.062376237623762376,0.07821782178217822,0.030693069306930693,0.0,0.007920792079207921,0.031683168316831684,0.08316831683168317,0.032673267326732675,0.0,139,73,101,1,0.9,2,1,0.22475247524752476,12,2,0.6628712871287129,1.7744090909090908,0.0,0.934,1.96,2.585,0.10833333333333334,137.50510000000003,0.1485148514851485,0.11732673267326732,0.23663366336633665,0.046534653465346534,0.16633663366336635,0.0,5,0.7331907894736842,0.72,0.45,1.0,0.8455263157894737,0.81,0.81,0.7946052631578947,0.78,0.7961842105263157,0.7586842105263157,0.75,0.7322368421052632,0.72,0.7125,0.705,0.705,0.7002631578947369,0.6678947368421053,0.66,0.6414473684210527,0.6244736842105263,0.45,1.0,0.9997474747474747,0.9733333333333334,0.8915909090909091,0.8618939393939393,0.8471212121212122,0.8395454545454545,0.8314393939393939,0.8168939393939394,0.81,0.81,0.81,0.81,0.81,0.81,0.81,0.8087878787878788,0.8025,0.8025,0.801060606060606,0.795,0.793409090909091,0.7875,0.7875,0.7856818181818181,0.78,0.78,0.78,0.78,0.7778030303030303,0.7770454545454546,0.7921969696969696,0.7952272727272727,0.7749999999999999,0.7649999999999999,0.765,0.7622727272727272,0.7575,0.7575,0.7545454545454545,0.75,0.75,0.75,0.75,0.7533333333333333,0.7472727272727273,0.735,0.731439393939394,0.7238636363636364,0.72,0.72,0.72,0.72,0.7159848484848486,0.7125,0.7125,0.7125,0.7125,0.7125,0.7125,0.7170454545454545,0.7153787878787878,0.7078030303030303,0.705,0.7001515151515151,0.6975,0.6975,0.7025757575757576,0.705,0.6945454545454544,0.69,0.69,0.69,0.7010606060606062,0.705,0.699318181818182,0.6802272727272729,0.675,0.6690909090909092,0.6675,0.6675,0.6675,0.6612878787878789,0.66,0.66,0.6535606060606061,0.6459848484848485,0.645,0.645,0.6382575757575757,0.6375,0.6375,0.6305303030303031,0.63,0.6228787878787879,0.6153030303030302,0.5859090909090909,0.5482575757575758,0.5103787878787879,0.45
ECP4p12A5FY,transcripts,184-usIllkr7Qq8RJhTCKOOyicWNqa7t4,1418.8,339,136000,0.159,0.057,0.077,0.053,0.037000000000000005,0.005,0.003,0.087,0.022000000000000002,0.023,125,73,100,1,0.9,3,1,0.183,3,0,0.6990000000000001,1.9760952555070201,0.0,0.8560442825148706,3.6666666666666665,3.0003267973856214,0.11764705882352941,139.95741830065361,0.1155,0.111,0.2315,0.0599,0.18,0.0,5,0.7295592105263158,0.7125,0.45,1.0,0.8719736842105262,0.8360526315789474,0.6856578947368421,0.8171052631578948,0.7949999999999999,0.7819736842105263,0.7598684210526314,0.7409210526315789,0.7247368421052631,0.7125,0.6982894736842106,0.6963157894736842,0.6813157894736842,0.6698684210526316,0.6675,0.661578947368421,0.6825,0.6580263157894738,0.45,1.0,0.9994444444444445,0.9436363636363636,0.8768181818181817,0.8556060606060606,0.8703787878787879,0.8761363636363636,0.855530303030303,0.8612878787878788,0.8468181818181819,0.8392424242424242,0.8258333333333333,0.7615909090909091,0.6834848484848485,0.691060606060606,0.6952272727272728,0.6825,0.6812121212121213,0.692727272727273,0.7796969696969696,0.8115151515151515,0.8159090909090909,0.81,0.81,0.8063636363636364,0.795,0.795,0.795,0.7928787878787878,0.7853030303030304,0.7845454545454547,0.7879545454545455,0.7773484848484848,0.79,0.7872727272727271,0.7725,0.7670454545454545,0.7546969696969696,0.7557575757575757,0.7590909090909091,0.7469696969696971,0.7425,0.7361363636363637,0.7275,0.7275,0.730909090909091,0.7315151515151515,0.7239393939393939,0.72,0.72,0.7162121212121213,0.7125,0.7125,0.7165151515151515,0.7118181818181817,0.7091666666666667,0.7082575757575758,0.7006818181818182,0.6975,0.6975,0.7020454545454545,0.705,0.7003030303030303,0.6927272727272726,0.6851515151515151,0.6825,0.6825,0.6774242424242424,0.6853030303030303,0.6847727272727272,0.6825,0.6771212121212121,0.675,0.6694696969696969,0.6675,0.6675,0.6675,0.6675,0.6675,0.6675,0.661439393939394,0.66,0.6600000000000001,0.66,0.6663636363636364,0.6675,0.6609848484848486,0.666590909090909,0.6808333333333332,0.6825,0.7029545454545454,0.6912121212121212,0.6690909090909091,0.6534090909090909,0.659621212121212,0.66,0.66,0.6526515151515152,0.6228030303030304,0.45
EFxlvlchMw8,transcripts,1925xfQfQKxzkFFHZ80OGKdYQz78Dqxi4,1225.88,181,136000,0.10693069306930691,0.05643564356435644,0.04059405940594059,0.03663366336633664,0.03564356435643565,0.011881188118811881,0.012871287128712869,0.08316831683168317,0.031683168316831684,0.0049504950495049506,162,90,101,1,0.9,3,1,0.16534653465346533,8,1,0.701980198019802,2.1603464890229596,0.0,0.8182062762945117,2.8823529411764706,3.2186274509803923,0.12810457516339868,133.9193137254902,0.13366336633663367,0.0806930693069307,0.22772277227722773,0.05693069306930693,0.11782178217821783,0.1,5,0.6821907894736843,0.6825,0.405,1.0,0.81,0.7444736842105263,0.6209210526315789,0.7796052631578947,0.7602631578947369,0.7393421052631579,0.7275,0.7125,0.6947368421052631,0.6825,0.675,0.675,0.6568421052631579,0.6323684210526316,0.6078947368421053,0.5984210526315789,0.5739473684210525,0.5475,0.405,1.0,0.9991414141414141,0.9136363636363636,0.8465909090909092,0.8171969696969696,0.81,0.81,0.8094696969696971,0.8025,0.8004545454545455,0.7731818181818182,0.7066666666666667,0.6536363636363637,0.6084848484848484,0.615,0.6161363636363636,0.6212878787878788,0.6253030303030305,0.6900000000000002,0.7603787878787878,0.7740151515151514,0.7784090909090909,0.7691666666666666,0.7575,0.7593181818181818,0.765,0.7610606060606061,0.7459090909090909,0.735,0.735,0.7349999999999999,0.7373484848484848,0.7376515151515152,0.7275,0.7275,0.7275,0.7275,0.7246969696969696,0.72,0.7170454545454545,0.7125,0.7125,0.7125,0.7092424242424242,0.7016666666666667,0.6975,0.6975,0.693939393939394,0.6936363636363636,0.6937878787878788,0.69,0.6861363636363635,0.6825,0.6825,0.678409090909091,0.675,0.675,0.675,0.6881818181818182,0.6840909090909091,0.6795454545454546,0.6778787878787879,0.675,0.675,0.6701515151515152,0.6625757575757576,0.66,0.66,0.6548484848484848,0.6525,0.6471969696969697,0.639621212121212,0.6375,0.631969696969697,0.6243939393939394,0.6225,0.6167424242424243,0.615,0.6090909090909091,0.6075,0.6075,0.6075,0.6012878787878788,0.6,0.5936363636363637,0.5860606060606062,0.5850000000000001,0.5784090909090909,0.5774999999999999,0.5707575757575758,0.57,0.5562121212121213,0.555,0.5479545454545455,0.5475,0.5403030303030304,0.5327272727272727,0.5251515151515151,0.525,0.405
EhAdb6fIEe0,transcripts,1XExmOAaXHvJVAhiH7uYShX5ipunrYQmC,1126.4,216,136000,0.1217821782178218,0.0297029702970297,0.08811881188118813,0.025742574257425745,0.00891089108910891,0.0,0.032673267326732675,0.03762376237623762,0.0,0.0,165,81,101,1,0.9,2,1,0.21485148514851485,3,0,0.6762376237623762,2.486539294039294,0.0,0.8236342546342545,3.32,3.063333333333333,0.125,142.75266666666667,0.17227722772277226,0.09207920792079209,0.23465346534653464,0.026732673267326736,0.15742574257425743,0.1,5,0.5943815789473684,0.5774999999999999,0.3225,1.0,0.7385526315789475,0.715657894736842,0.691578947368421,0.675,0.6651315789473684,0.6406578947368421,0.645,0.6075,0.5925,0.5774999999999999,0.555,0.5325,0.5175,0.5025,0.5021052631578947,0.48,0.4689473684210526,0.4575,0.3225,1.0,0.9986111111111111,0.8609848484848485,0.7870454545454546,0.7712878787878789,0.7417424242424243,0.7275,0.728030303030303,0.7368181818181818,0.7547727272727272,0.7252272727272727,0.7058333333333333,0.7125,0.710530303030303,0.6975,0.6963636363636364,0.69,0.69,0.6886363636363635,0.6825,0.6809848484848485,0.675,0.675,0.675,0.675,0.6731060606060606,0.665530303030303,0.6579545454545455,0.6525,0.6503030303030303,0.645,0.6426515151515151,0.6375,0.6375,0.6349242424242424,0.6353030303030304,0.645,0.645,0.645,0.645,0.635909090909091,0.6162878787878789,0.6075,0.6075,0.6041666666666667,0.6,0.5965151515151514,0.5925,0.5925,0.5887878787878789,0.5812121212121212,0.5774999999999999,0.5774999999999999,0.5774999999999999,0.5734090909090909,0.5658333333333333,0.5582575757575758,0.555,0.555,0.550530303030303,0.5429545454545455,0.54,0.5353030303030304,0.5325,0.5325,0.5275757575757576,0.5199999999999999,0.5175,0.5175,0.5122727272727272,0.5046969696969696,0.5025,0.5025,0.5025,0.5025,0.5025,0.49674242424242426,0.495,0.5009090909090907,0.4965151515151515,0.495,0.4888636363636364,0.48128787878787876,0.48,0.48,0.48,0.4734848484848485,0.4725,0.4725,0.46575757575757576,0.47181818181818175,0.46560606060606063,0.458030303030303,0.4575,0.4575,0.4503030303030303,0.45,0.4426515151515152,0.4202272727272727,0.3225
Ei6QuJppkb4,transcripts,1uZfSOG-BbG-Pnvz0XDGxP9brWvc9OzSP,943.4399999999999,132,136000,0.07227722772277227,0.06336633663366337,0.04257425742574257,0.04554455445544554,0.023762376237623763,0.0049504950495049506,0.019801980198019802,0.04950495049504951,0.023762376237623763,0.01881188118811881,95,63,101,1,0.95,3,1,0.21683168316831683,4,3,0.6346534653465346,2.8244038961166993,0.0,0.7161903744083675,5.372549019607843,3.8186274509803924,0.029411764705882353,138.8936274509804,0.16336633663366337,0.0504950495049505,0.24851485148514854,0.06534653465346535,0.1198019801980198,0.1,5,0.7892236842105264,0.8052631578947369,0.51,1.0,0.9205263157894736,0.9,0.8775,0.8471052631578947,0.6327631578947368,0.687236842105263,0.84,0.825,0.8175000000000001,0.8052631578947369,0.795,0.7938157894736843,0.7725,0.7673684210526316,0.7578947368421053,0.75,0.75,0.7350000000000001,0.51,1.0,0.9998989898989898,0.9889393939393939,0.9370454545454546,0.9225000000000001,0.9221212121212121,0.9145454545454546,0.9075,0.9068939393939394,0.9,0.9,0.9,0.8981818181818182,0.885,0.8839393939393939,0.8775,0.8775,0.8775,0.8815909090909091,0.8942424242424243,0.8654545454545455,0.8459090909090909,0.84,0.8365151515151514,0.8122727272727273,0.7384090909090909,0.633560606060606,0.6245454545454546,0.6321212121212121,0.6331060606060606,0.6315909090909091,0.6712878787878787,0.7173484848484849,0.7275,0.7481060606060608,0.8060606060606061,0.8399999999999999,0.8400000000000001,0.84,0.8370454545454545,0.829469696969697,0.825,0.825,0.8217424242424243,0.8175,0.8175,0.8175,0.8175,0.8175,0.8137878787878788,0.81,0.81,0.806060606060606,0.8025,0.798409090909091,0.795,0.795,0.795,0.795,0.795,0.795,0.795,0.795,0.7902272727272728,0.7875,0.7825757575757576,0.7749999999999999,0.7725,0.7725,0.7829545454545455,0.7821969696969697,0.78,0.7745454545454544,0.766969696969697,0.765,0.765,0.7592424242424243,0.7633333333333333,0.7590909090909091,0.7515151515151516,0.75,0.75,0.75,0.75,0.75,0.7435606060606061,0.7425,0.7425,0.7491666666666666,0.75,0.7431818181818183,0.7425,0.7355303030303031,0.735,0.735,0.735,0.7277272727272728,0.7201515151515151,0.6531818181818181,0.51
eL9OqXpmvOE,transcripts,1SVbjXtjVqcRrolUDIb0XJFA999FHVNEO,764.9200000000001,177,136000,0.3732673267326733,0.16930693069306932,0.22772277227722773,0.0019801980198019802,0.015841584158415842,0.0,0.04257425742574257,0.0049504950495049506,0.021782178217821784,0.011881188118811881,179,89,101,0,0.9,0,0,0.2198019801980198,3,8,0.6841584158415841,1.2764761904761905,0.0,0.86,1.54,2.3043333333333336,0.09333333333333334,123.19646666666668,0.0608910891089109,0.2851485148514852,0.22772277227722773,0.0202970297029703,0.2376237623762376,0.1,4,0.481171052631579,0.4077631578947369,0.2925,1.0,0.7460526315789473,0.6785526315789474,0.6240789473684211,0.5771052631578946,0.5451315789473684,0.5175,0.4886842105263158,0.465,0.4397368421052631,0.4077631578947369,0.3975,0.3813157894736842,0.3675,0.36,0.3525,0.3375,0.33,0.315,0.2925,1.0,0.9994444444444445,0.9428787878787879,0.8384090909090909,0.7859848484848485,0.7492424242424243,0.734090909090909,0.7184090909090908,0.6962878787878788,0.6825,0.6817424242424241,0.6741666666666667,0.6665909090909091,0.6580303030303031,0.6428787878787878,0.6288636363636364,0.6212878787878788,0.6124242424242424,0.5986363636363636,0.5910606060606061,0.5834848484848485,0.5759090909090908,0.5683333333333334,0.5625,0.5606818181818182,0.5531060606060607,0.545530303030303,0.5379545454545455,0.5325,0.5303030303030303,0.5227272727272727,0.5175,0.5150757575757575,0.5075,0.4999242424242424,0.495,0.4922727272727272,0.4846969696969696,0.4771212121212121,0.4725,0.47250000000000003,0.4693939393939394,0.4650000000000001,0.46499999999999997,0.465,0.45818181818181825,0.44651515151515153,0.43893939393939396,0.4313636363636364,0.4275,0.4237121212121212,0.41613636363636364,0.40856060606060607,0.405,0.405,0.4008333333333334,0.3975,0.3975,0.3975,0.39303030303030306,0.38545454545454544,0.3825,0.3825,0.37772727272727274,0.375,0.3700757575757575,0.3675,0.3675,0.3675,0.36750000000000005,0.3675,0.36212121212121207,0.36,0.36,0.36,0.36,0.35424242424242425,0.35250000000000004,0.3525,0.3525,0.34643939393939394,0.345,0.33878787878787886,0.3375,0.3375,0.33106060606060606,0.33,0.33,0.32999999999999996,0.33,0.32318181818181824,0.3225,0.3225,0.31545454545454543,0.315,0.315,0.30772727272727274,0.3075,0.30007575757575755,0.2925
eLSgNBnpeRg,transcripts,1mY8lMsRcEF6cD3vtPSB5squcZfU0Dt1W,1305.76,180,136000,0.032,0.065,0.006,0.006,0.0,0.0,0.0,0.059,0.003,0.011000000000000001,131,67,100,1,0.9,1,1,0.35600000000000004,18,2,0.5489999999999999,1.636628404275463,0.0,0.9319636790225025,3.3529411764705883,2.8834267040149393,0.17222222222222222,140.1093884220355,0.095,0.027000000000000003,0.1955,0.0335,0.06,0.1,4,0.7079473684210527,0.6927631578947369,0.5025,1.0,0.8530263157894737,0.8325,0.819078947368421,0.8025,0.7949999999999999,0.78,0.7511842105263158,0.7401315789473684,0.705,0.6927631578947369,0.6825,0.6525,0.63,0.6098684210526316,0.5928947368421053,0.5850000000000001,0.57,0.5625,0.5025,1.0,0.9993686868686869,0.936439393939394,0.8843181818181819,0.8621969696969697,0.8546212121212121,0.8470454545454547,0.84,0.8393939393939394,0.8325,0.8325,0.8325,0.831590909090909,0.825,0.825,0.8238636363636362,0.8175,0.8175,0.8161363636363635,0.8085606060606061,0.8025,0.8025,0.8025,0.8007575757575758,0.795,0.795,0.795,0.795,0.7928787878787878,0.7853030303030304,0.78,0.78,0.7775757575757576,0.77,0.7649999999999999,0.7623484848484848,0.7547727272727272,0.75,0.75,0.75,0.7469696969696971,0.7425,0.7329545454545454,0.7167424242424243,0.7125,0.7090909090909091,0.705,0.705,0.705,0.7012878787878787,0.6975,0.6975,0.693560606060606,0.69,0.69,0.69,0.6857575757575758,0.6825,0.6781060606060606,0.675,0.675,0.6657575757575758,0.6553030303030303,0.6525,0.6476515151515151,0.6400757575757575,0.6325,0.63,0.63,0.6352272727272728,0.6428030303030303,0.6288636363636362,0.6170454545454546,0.609469696969697,0.6131060606060607,0.615,0.6034848484848485,0.6,0.5940909090909091,0.5925,0.5925,0.5863636363636365,0.5850000000000001,0.5850000000000001,0.5850000000000001,0.578560606060606,0.5774999999999999,0.5709090909090908,0.57,0.57,0.57,0.57,0.563030303030303,0.5625,0.5625,0.5625,0.5625,0.5551515151515152,0.5475757575757575,0.5025
Fr4ZqY97Bco,transcripts,1AOQIhJFlSaAQH3xThtRTklmUKW15lhHr,1261.32,176,136000,0.16099999999999998,0.04,0.066,0.01,0.047,0.006999999999999999,0.006999999999999999,0.08900000000000001,0.008,0.016,130,68,100,1,0.9,3,1,0.259,8,2,0.634,2.007411976911977,0.0,0.92054329004329,1.5,2.3407142857142857,0.06666666666666667,137.82267142857145,0.1175,0.0745,0.22,0.0425,0.11800000000000001,0.0,4,0.6697565789473684,0.645,0.3225,1.0,0.8585526315789473,0.8285526315789473,0.8174999999999999,0.7946052631578947,0.7551315789473684,0.735,0.7136842105263158,0.6825,0.6647368421052631,0.645,0.63,0.6,0.589342105263158,0.57,0.57,0.555,0.5435526315789474,0.5194736842105262,0.3225,1.0,0.9995959595959596,0.9586363636363636,0.8918181818181818,0.8696969696969696,0.8617424242424243,0.8465909090909092,0.8325,0.8318939393939394,0.8256818181818182,0.8317424242424243,0.825,0.825,0.825,0.823939393939394,0.8175,0.8162878787878788,0.81,0.8086363636363637,0.801060606060606,0.795,0.793409090909091,0.7858333333333334,0.78,0.7763636363636364,0.7631060606060607,0.755530303030303,0.75,0.75,0.7478030303030303,0.7402272727272727,0.735,0.735,0.7325,0.7249242424242424,0.72,0.7172727272727273,0.7125,0.7153787878787878,0.7111363636363637,0.6914393939393939,0.6825,0.6825,0.6792424242424242,0.675,0.675,0.6715151515151515,0.6639393939393939,0.66,0.6562878787878788,0.6525,0.6486363636363637,0.645,0.6409848484848485,0.6334090909090908,0.63,0.63,0.63,0.6256060606060606,0.6225,0.6134090909090909,0.6075,0.6028030303030303,0.6,0.6,0.6,0.595,0.5925,0.5873484848484849,0.5797727272727272,0.5774999999999999,0.5774999999999999,0.5720454545454545,0.57,0.57,0.57,0.57,0.57,0.57,0.5640151515151516,0.5625,0.5625,0.5625,0.5562121212121213,0.555,0.555,0.5615151515151515,0.5427272727272728,0.54,0.5467424242424243,0.5406818181818183,0.5331060606060606,0.5255303030303031,0.525,0.5178787878787878,0.5175,0.5175,0.4954545454545455,0.39106060606060605,0.3225
fwHhuHVNR4I,transcripts,1WCADbsxFjkMfrC8n7uEm-fP46zW1NQnE,1010.3000000000001,297,136000,0.09108910891089109,0.046534653465346534,0.015841584158415842,0.0891089108910891,0.07425742574257425,0.017821782178217824,0.0019801980198019802,0.0891089108910891,0.02871287128712871,0.026732673267326736,114,69,101,1,0.9,3,1,0.14356435643564355,5,0,0.706930693069307,3.1500277892042594,0.0,0.5676384073442897,6.34,4.723333333333333,0.04333333333333333,140.59466666666668,0.1292079207920792,0.04554455445544554,0.23267326732673269,0.07227722772277227,0.12277227722772277,0.0,5,0.753203947368421,0.7752631578947369,0.39,1.0,0.8924999999999998,0.8621052631578947,0.7681578947368422,0.6296052631578948,0.765,0.8656578947368422,0.825,0.8107894736842106,0.7922368421052631,0.7752631578947369,0.7575,0.7425,0.7275,0.72,0.7053947368421053,0.6959210526315789,0.6789473684210526,0.66,0.39,1.0,0.9998232323232323,0.9812878787878788,0.9218181818181818,0.8996969696969697,0.8924999999999998,0.8925,0.8919696969696969,0.8837878787878788,0.87,0.8684848484848484,0.8541666666666666,0.8456818181818182,0.8295454545454546,0.8057575757575758,0.7777272727272728,0.7516666666666666,0.6734848484848485,0.6286363636363635,0.6196212121212121,0.6120454545454546,0.6284090909090909,0.6241666666666668,0.6352272727272728,0.6670454545454545,0.7257575757575758,0.765,0.7670454545454545,0.7809848484848485,0.8332575757575758,0.8961363636363635,0.8676515151515152,0.8600757575757576,0.8574999999999999,0.8599242424242425,0.8443939393939393,0.825,0.8221969696969696,0.8175000000000001,0.8145454545454546,0.81,0.81,0.8131818181818182,0.8175,0.8141666666666667,0.8065909090909091,0.7990151515151516,0.791439393939394,0.7838636363636364,0.7837121212121212,0.7837121212121212,0.78,0.7760606060606061,0.7684848484848485,0.769090909090909,0.7683333333333333,0.7607575757575757,0.7575,0.7531060606060606,0.75,0.7454545454545455,0.7425,0.7425,0.7425,0.7376515151515151,0.735,0.73,0.7275,0.7275,0.7222727272727272,0.7253030303030303,0.7275,0.7220454545454544,0.72,0.7143939393939394,0.7125,0.7125000000000001,0.7125,0.7065909090909092,0.705,0.698939393939394,0.7036363636363635,0.6987878787878788,0.6975,0.6911363636363637,0.69,0.6834848484848485,0.689090909090909,0.6833333333333333,0.6757575757575758,0.6681818181818181,0.6675,0.6605303030303031,0.66,0.66,0.6528030303030302,0.6306818181818182,0.534469696969697,0.4434090909090909,0.39
FYbEJ3oRgFk,transcripts,1QNSjU2uB5cQItIUr1pQCbS8t2AbcGLux,381.54,150,136000,0.062,0.004,0.024,0.0,0.0,0.005,0.0,0.019,0.0,0.0,17,17,100,0,0.9,0,0,0.091,0,0,0.815,0.9725555555555556,0.0,0.62,0.48,0.885,0.03,89.82520000000001,0.07400000000000001,0.105,0.155,0.0815,0.14,0.0,5,0.36444736842105263,0.30513157894736836,0.3075,1.0,0.6150000000000001,0.3473684210526316,0.36,0.33,0.33,0.3075,0.34421052631578947,0.36,0.3075,0.30513157894736836,0.29921052631578954,0.3075,0.3075,0.2838157894736842,0.3075,0.285,0.2944736842105262,0.2897368421052633,0.3075,1.0,0.765,0.8325,0.765,0.735,0.645,0.5025,0.45,0.405,0.4275,0.36,0.33,0.3075,0.3075,0.3075,0.36,0.36,0.33,0.33,0.36,0.33,0.33,0.33,0.33,0.3075,0.3075,0.33,0.33,0.36,0.33,0.33,0.3075,0.3075,0.33,0.33,0.3075,0.33,0.36,0.33,0.36,0.36,0.36,0.36,0.36,0.36,0.36,0.3075,0.3075,0.33,0.33,0.33,0.33,0.3075,0.285,0.3075,0.3075,0.285,0.285,0.33,0.33,0.3075,0.3075,0.3075,0.3075,0.3075,0.3075,0.3075,0.3075,0.3075,0.3075,0.3075,0.3075,0.2625,0.285,0.285,0.285,0.285,0.3075,0.3075,0.3075,0.285,0.285,0.285,0.285,0.285,0.285,0.3075,0.3075,0.3075,0.285,0.285,0.285,0.3075,0.3075,0.285,0.285,0.285,0.3075,0.33,0.3075
FZ4waB-THOA,transcripts,1GI1cYwHTV3cY4HVWi0dRjjFNLZOKIdvr,1532.52,263,136000,0.07326732673267326,0.03564356435643565,0.012871287128712872,0.0019801980198019802,0.0,0.0,0.008910891089108912,0.07029702970297029,0.0019801980198019802,0.0049504950495049506,146,77,101,1,0.9,3,1,0.20693069306930692,12,3,0.6712871287128712,2.0882527058997646,0.0,0.9242915037032685,2.9019607843137254,3.2513071895424837,0.1011437908496732,142.50830065359477,0.14752475247524752,0.0891089108910891,0.22821782178217823,0.05396039603960396,0.1316831683168317,0.1,5,0.636953947368421,0.610263157894737,0.3825,1.0,0.8344736842105263,0.81,0.781578947368421,0.7496052631578948,0.7101315789473684,0.6856578947368421,0.66,0.6442105263157895,0.6272368421052632,0.610263157894737,0.5932894736842105,0.57,0.5443421052631578,0.525,0.5178947368421052,0.5084210526315789,0.5025,0.4819736842105262,0.3825,1.0,0.998989898989899,0.8990909090909092,0.8545454545454545,0.8396969696969696,0.8328787878787879,0.8395454545454545,0.8325,0.8312878787878788,0.8168181818181818,0.81,0.81,0.81,0.8080303030303031,0.7939393939393941,0.7863636363636364,0.78,0.7787121212121212,0.7711363636363635,0.7635606060606062,0.7559848484848485,0.7484090909090909,0.7408333333333335,0.7332575757575758,0.7256818181818183,0.7181060606060605,0.7105303030303031,0.7009090909090909,0.6878787878787878,0.6825,0.6847727272727273,0.6876515151515151,0.6800757575757576,0.6725000000000001,0.6675,0.6648484848484848,0.66,0.66,0.6571212121212121,0.6525,0.6494696969696969,0.645,0.6418181818181818,0.6407575757575756,0.6383333333333334,0.6265909090909092,0.6259848484848485,0.626439393939394,0.6225,0.6187878787878789,0.615,0.615,0.6110606060606061,0.6075,0.6034090909090909,0.6,0.6,0.5956818181818182,0.5881060606060606,0.5894696969696971,0.5834090909090908,0.5774999999999999,0.5728030303030303,0.57,0.5651515151515151,0.5575757575757576,0.55,0.5475,0.5423484848484849,0.54,0.5346969696969697,0.5325,0.5270454545454545,0.525,0.525,0.525,0.525,0.525,0.519090909090909,0.5115151515151516,0.51,0.51,0.51,0.51,0.5036363636363637,0.5025,0.5025,0.4959090909090909,0.5016666666666666,0.5025,0.4956818181818182,0.495,0.48803030303030304,0.4875,0.48037878787878785,0.4728030303030303,0.46522727272727277,0.465,0.4427272727272727,0.3825
GfEdSBXxyHA,transcripts,1ssRoCA4UenpyNFdMZ098yYNpZPfNOBam,1427.9,507,136000,0.039603960396039604,0.007920792079207921,0.010891089108910892,0.007920792079207921,0.039603960396039604,0.00891089108910891,0.0,0.04455445544554455,0.0,0.0019801980198019802,113,64,101,1,0.9,1,1,0.14356435643564355,5,0,0.7386138613861386,2.212484942329233,0.0,0.8652820907146167,3.372549019607843,1.476654500183912,0.07212885154061624,141.93819228701582,0.17673267326732675,0.06485148514851485,0.22772277227722773,0.0900990099009901,0.15346534653465346,0.0,5,0.7018092105263157,0.6825,0.3675,1.0,0.8305263157894737,0.81,0.8025,0.795,0.7725,0.75,0.7373684210526316,0.7275,0.7077631578947368,0.6825,0.6757894736842106,0.6738157894736843,0.6556578947368421,0.6323684210526316,0.6228947368421053,0.6165789473684211,0.5964473684210526,0.5794736842105263,0.3675,1.0,0.9994444444444445,0.9436363636363636,0.876590909090909,0.8468939393939394,0.8321212121212122,0.8245454545454545,0.816969696969697,0.8093939393939394,0.8031818181818182,0.81,0.8108333333333334,0.8165909090909091,0.8090151515151516,0.8025,0.8025,0.8012878787878788,0.795,0.795,0.795,0.795,0.795,0.7966666666666666,0.7990151515151515,0.7856818181818181,0.7781060606060606,0.7725,0.7725,0.7703787878787879,0.7628030303030303,0.7552272727272726,0.75,0.75,0.75,0.75,0.75,0.7445454545454545,0.735,0.7321212121212122,0.7275,0.7244696969696971,0.7231060606060606,0.7275,0.7242424242424242,0.7166666666666667,0.7125,0.7090151515151515,0.708560606060606,0.7125,0.7050757575757576,0.6937121212121211,0.6861363636363635,0.6825,0.6825,0.6825,0.6825,0.6825,0.6781818181818182,0.675,0.670530303030303,0.6675,0.6675,0.6721969696969697,0.6702272727272727,0.6578030303030302,0.6525,0.6525,0.6525,0.6576515151515152,0.6652272727272728,0.651590909090909,0.639621212121212,0.6375,0.631969696969697,0.63,0.63,0.63,0.63,0.6240909090909093,0.6225,0.6225,0.6163636363636363,0.6087878787878789,0.6137878787878788,0.6213636363636363,0.6096212121212122,0.6009848484848485,0.6,0.6,0.5932575757575758,0.5925,0.5856060606060607,0.5850000000000002,0.5850000000000001,0.5778787878787879,0.5774999999999999,0.5774999999999999,0.5628030303030304,0.42143939393939395,0.3675
gkSAR3jbMjA,transcripts,1x9XyUceO2ORLojPinRyIg8s45T3wOc0-,949.3,174,136000,0.121,0.023,0.046,0.055,0.008,0.011000000000000001,0.0,0.051,0.005,0.01,149,83,100,1,0.9,2,1,0.187,14,3,0.6709999999999999,2.571418856038233,0.0,0.7693941032695357,4.764705882352941,4.356209150326797,0.04575163398692811,141.07192810457516,0.13,0.1105,0.213,0.0475,0.169,0.0,4,0.8080131578947368,0.8119736842105263,0.51,1.0,0.9055263157894737,0.8775,0.8700000000000001,0.8621052631578947,0.8475,0.8325,0.8325,0.8175,0.81,0.8119736842105263,0.8025,0.795,0.784342105263158,0.7725,0.7728947368421053,0.7725,0.7539473684210526,0.7294736842105263,0.51,1.0,0.9999747474747475,0.9959848484848486,0.9222727272727272,0.9146969696969698,0.9071212121212121,0.8995454545454546,0.8898484848484848,0.8556060606060606,0.8638636363636364,0.8775,0.8775,0.8775,0.8775,0.876439393939394,0.87,0.8687878787878788,0.8625,0.8625,0.8625,0.8625,0.8609090909090911,0.855,0.855,0.8531818181818183,0.8475,0.8475,0.8475000000000001,0.8475,0.8453030303030303,0.8377272727272727,0.8325,0.8325,0.8300000000000001,0.8327272727272728,0.8421969696969697,0.8325,0.8325,0.8296212121212121,0.8220454545454545,0.8175,0.8175,0.8175,0.8175,0.8141666666666667,0.81,0.81,0.81,0.81,0.81,0.8062121212121212,0.8025,0.8103787878787879,0.8175,0.8093181818181818,0.8025,0.8025,0.8025,0.7981060606060606,0.795,0.795,0.795,0.795,0.7950000000000002,0.8046969696969698,0.7952272727272727,0.7874999999999999,0.7874999999999999,0.7823484848484847,0.78,0.78,0.78,0.7745454545454544,0.7725,0.7725,0.7781818181818182,0.78,0.78,0.7740909090909092,0.7725,0.7664393939393941,0.765,0.765,0.7712878787878787,0.7725,0.7660606060606061,0.765,0.7584090909090908,0.7575,0.7507575757575757,0.75,0.75,0.743030303030303,0.7354545454545455,0.727878787878788,0.7203030303030302,0.7127272727272728,0.7051515151515152,0.6753030303030303,0.51
GthDbmZFW-w,transcripts,1i5_yNIuFN7yQLHRisQBrBcFS4WyaklPy,1337.28,327,136000,0.139,0.043,0.038,0.034,0.018000000000000002,0.006,0.013000000000000001,0.05,0.008,0.013000000000000001,149,78,100,1,0.9,3,1,0.162,0,2,0.6970000000000001,2.3188829173349297,0.0,0.8879923739830861,2.823529411764706,2.562457205104264,0.09967320261437908,140.52664877061937,0.1805,0.08449999999999999,0.262,0.1025,0.152,0.0,5,0.6697763157894736,0.6722368421052631,0.3075,1.0,0.7780263157894737,0.7614473684210527,0.7752631578947368,0.7571052631578947,0.7401315789473685,0.72,0.705,0.706578947368421,0.6722368421052631,0.6722368421052631,0.654078947368421,0.6288157894736842,0.619342105263158,0.6098684210526316,0.6,0.583421052631579,0.5625,0.5419736842105263,0.3075,1.0,0.9990656565656566,0.9056818181818181,0.816590909090909,0.7871969696969697,0.7796212121212122,0.7720454545454545,0.765,0.7643939393939394,0.7575,0.7582575757575757,0.7583333333333333,0.6950000000000001,0.6284090909090909,0.6802272727272728,0.760909090909091,0.7787878787878788,0.7699242424242423,0.7561363636363636,0.751439393939394,0.7575,0.7559090909090909,0.7483333333333333,0.7425,0.7443181818181819,0.7481060606060606,0.7405303030303031,0.735,0.735,0.7328030303030303,0.7252272727272727,0.72,0.72,0.7174999999999999,0.7099242424242425,0.705,0.705,0.705,0.7021212121212121,0.6945454545454546,0.69,0.6962121212121211,0.7113636363636362,0.7102272727272727,0.6975,0.6940909090909091,0.6830303030303031,0.6714393939393939,0.6675,0.6675,0.6637121212121212,0.6638636363636363,0.6714393939393939,0.675,0.6831818181818182,0.6816666666666666,0.6707575757575757,0.6588636363636363,0.6525,0.6525,0.6479545454545454,0.6357575757575757,0.63,0.6252272727272727,0.6273484848484849,0.6349242424242424,0.6375,0.6273484848484847,0.6173484848484848,0.6202272727272728,0.6384090909090911,0.6342424242424242,0.619090909090909,0.609469696969697,0.6075,0.6018181818181818,0.6,0.6,0.6,0.5940151515151516,0.5925,0.5925,0.5800757575757576,0.5837878787878787,0.5786363636363636,0.5774999999999999,0.5709848484848484,0.563409090909091,0.5625,0.5625,0.5761363636363636,0.5843939393939395,0.5640909090909092,0.548409090909091,0.540378787878788,0.54,0.5254545454545455,0.5029545454545454,0.3837121212121213,0.3075
gYHHQNT6100,transcripts,1vcBkxA3nhLdk_PMzmwybhECJLQ7JuQ6j,1417.44,465,136000,0.106,0.026000000000000002,0.063,0.031,0.03,0.001,0.005,0.059,0.021,0.013000000000000001,105,64,100,1,0.9,3,1,0.13699999999999998,2,1,0.731,2.333941518837752,0.0,0.8490828931144705,6.176470588235294,3.0476968565203855,0.03169934640522876,139.89583722377841,0.191,0.135,0.2705,0.1115,0.196,0.1,5,0.550546052631579,0.5052631578947369,0.2625,1.0,0.78,0.7535526315789474,0.6975,0.6596052631578947,0.5794736842105261,0.5988157894736843,0.5561842105263158,0.5325,0.51,0.5052631578947369,0.4875,0.4725,0.4575,0.4476315789473685,0.435,0.4275,0.43144736842105263,0.4164473684210525,0.2625,1.0,0.9989141414141414,0.8912878787878787,0.8313636363636364,0.7943939393939394,0.78,0.7795454545454545,0.7725,0.7725,0.7711363636363636,0.7567424242424242,0.7483333333333333,0.7322727272727273,0.7115151515151514,0.7039393939393939,0.6975,0.6962878787878788,0.6874242424242424,0.6722727272727274,0.66,0.66,0.6584090909090909,0.6525,0.6490151515151514,0.6211363636363636,0.57,0.5778787878787879,0.6020454545454546,0.6096212121212121,0.615,0.6127272727272728,0.6028030303030303,0.5900757575757576,0.5825,0.5723484848484848,0.5625,0.5597727272727273,0.5578030303030304,0.5596212121212122,0.5520454545454546,0.544469696969697,0.5368939393939394,0.5325,0.5292424242424243,0.5283333333333333,0.5256818181818181,0.5140151515151515,0.51,0.5063636363636363,0.5025,0.5062878787878788,0.51,0.506060606060606,0.49446969696969695,0.4875,0.48333333333333334,0.48424242424242425,0.48749999999999993,0.48310606060606054,0.475530303030303,0.4725,0.4725,0.4725,0.47250000000000003,0.46765151515151515,0.4650000000000001,0.45999999999999996,0.4575,0.4575,0.45227272727272727,0.45,0.4446212121212121,0.4425,0.44803030303030306,0.44439393939393934,0.4425,0.43674242424242427,0.435,0.435,0.435,0.42893939393939395,0.4275,0.4275,0.4275,0.4275,0.4403787878787878,0.44901515151515153,0.4565909090909091,0.43750000000000006,0.4282575757575757,0.4275,0.42060606060606065,0.42,0.4270454545454545,0.41325757575757577,0.4125,0.41977272727272724,0.40530303030303033,0.3456060606060606,0.2625
hnyYg62DY4E,transcripts,1HI4EgZv-mtiUVasL89A47rV6B-t1RpvI,1200.56,477,136000,0.1306930693069307,0.008910891089108912,0.061386138613861385,0.020792079207920793,0.00693069306930693,0.0019801980198019802,0.0029702970297029703,0.041584158415841586,0.0029702970297029703,0.00891089108910891,103,66,101,1,0.9,2,1,0.12673267326732673,6,1,0.7524752475247525,2.5280870273517335,0.0,0.7888583910642734,3.588235294117647,3.091503267973856,0.04738562091503268,134.0845751633987,0.17524752475247524,0.15148514851485148,0.2376237623762376,0.12326732673267327,0.2376237623762376,0.1,5,0.6428552631578948,0.634736842105263,0.2925,1.0,0.8285526315789473,0.7910526315789473,0.766578947368421,0.7653947368421052,0.7401315789473685,0.72,0.6860526315789474,0.6607894736842106,0.6422368421052631,0.634736842105263,0.6,0.5774999999999999,0.5668421052631578,0.5498684210526316,0.5253947368421052,0.5175,0.5025,0.4894736842105263,0.2925,1.0,0.9993686868686869,0.9359848484848485,0.8618181818181818,0.8396969696969696,0.8317424242424243,0.8175000000000001,0.816969696969697,0.8093939393939394,0.8018181818181819,0.7942424242424243,0.7891666666666667,0.8052272727272727,0.8200757575757575,0.7853787878787878,0.7713636363636364,0.765,0.7675757575757576,0.78,0.7785606060606061,0.7709848484848485,0.7665909090909091,0.7741666666666667,0.7782575757575758,0.7670454545454545,0.7481060606060606,0.7405303030303031,0.7329545454545455,0.7253787878787878,0.72,0.72,0.72,0.7175757575757575,0.7125,0.7125,0.7098484848484848,0.6968181818181818,0.6825,0.6796212121212122,0.6720454545454546,0.664469696969697,0.66,0.6631818181818182,0.6675,0.6608333333333334,0.6490909090909092,0.645,0.6414393939393939,0.6411363636363636,0.6412878787878789,0.6337121212121213,0.63,0.6339393939393939,0.6294696969696969,0.6184090909090909,0.6108333333333333,0.6032575757575758,0.6,0.6,0.6,0.5954545454545455,0.5878787878787879,0.5803030303030303,0.5774999999999999,0.5774999999999999,0.5774999999999999,0.5724999999999999,0.57,0.5648484848484848,0.5625,0.5571969696969696,0.555,0.555,0.5494696969696969,0.5418939393939394,0.54,0.5342424242424243,0.5325,0.5265909090909091,0.525,0.531060606060606,0.5325,0.5262878787878789,0.5187121212121212,0.5175,0.5110606060606061,0.51,0.5034090909090909,0.5025,0.5025,0.4956818181818182,0.495,0.495,0.495,0.48787878787878786,0.4803030303030303,0.4727272727272727,0.4210606060606061,0.3531818181818182,0.2925
ib29EiVnmJM,transcripts,1YpFpVNStmPPsP9B3anv8dB72cFclHGI4,1599.12,333,136000,0.16633663366336635,0.15148514851485148,0.10495049504950495,0.017821782178217824,0.01485148514851485,0.0,0.05544554455445544,0.03762376237623762,0.009900990099009901,0.0009900990099009901,208,89,101,0,0.9,0,0,0.22178217821782176,4,2,0.6777227722772278,1.7185887445887444,0.0,0.9537186147186147,2.8,3.1618333333333335,0.11833333333333335,139.68991666666668,0.15445544554455445,0.1099009900990099,0.23861386138613863,0.027227722772277228,0.1613861386138614,0.0,4,0.567125,0.5052631578947369,0.36,1.0,0.8025,0.7610526315789473,0.735,0.6592105263157895,0.5897368421052631,0.5774999999999999,0.57,0.54,0.5194736842105263,0.5052631578947369,0.49578947368421056,0.4886842105263158,0.48,0.4724999999999999,0.465,0.4559210526315789,0.43894736842105264,0.42592105263157876,0.36,1.0,0.9989141414141414,0.8914393939393939,0.8393181818181819,0.8168939393939394,0.8025,0.8011363636363636,0.78,0.7787878787878788,0.765,0.7642424242424243,0.7575,0.7529545454545454,0.7190151515151515,0.7156818181818183,0.735,0.7289393939393939,0.6962121212121212,0.69,0.6885606060606061,0.6779545454545455,0.6568181818181817,0.6433333333333333,0.6340151515151515,0.6170454545454546,0.5962121212121212,0.588939393939394,0.5938636363636363,0.5774999999999999,0.5796969696969696,0.5827272727272728,0.5774999999999999,0.5774999999999999,0.5774999999999999,0.5749242424242423,0.57,0.57,0.5671969696969696,0.5596212121212122,0.555,0.551969696969697,0.5443939393939394,0.54,0.54,0.5366666666666666,0.5290909090909091,0.525,0.5178787878787879,0.51,0.5137121212121212,0.5175,0.5136363636363637,0.506060606060606,0.5025,0.5025,0.5025,0.5025,0.49818181818181817,0.495,0.495,0.495,0.49037878787878786,0.4875,0.4922727272727272,0.48530303030303024,0.48,0.485,0.4824242424242424,0.48,0.47477272727272724,0.47250000000000003,0.4725,0.4725,0.4724999999999999,0.46689393939393936,0.465,0.4650000000000001,0.465,0.465,0.465,0.465,0.46499999999999997,0.45878787878787886,0.4575,0.45113636363636367,0.45,0.4434848484848485,0.4425,0.4425,0.4357575757575758,0.435,0.435,0.435,0.4420454545454545,0.4211363636363637,0.4056060606060607,0.39045454545454544,0.38265151515151513,0.37507575757575756,0.36
ie3vumn9Je4,transcripts,1DfvYMMMUMXq5XvTwH1qHQnszTq3eHARh,816.3199999999999,129,136000,0.1891089108910891,0.032673267326732675,0.060396039603960394,0.023762376237623763,0.047524752475247525,0.00693069306930693,0.009900990099009901,0.023762376237623763,0.005940594059405941,0.008910891089108912,147,80,101,1,0.9,2,1,0.1801980198019802,12,2,0.6970297029702971,2.7783639211665525,0.0,0.8210196324143691,3.56,3.478333333333333,0.11166666666666666,136.34376666666668,0.1099009900990099,0.1485148514851485,0.2207920792079208,0.03613861386138614,0.20693069306930692,0.1,4,0.5984671052631578,0.574736842105263,0.2175,1.0,0.766578947368421,0.7432894736842105,0.7425,0.7125,0.6951315789473684,0.6675,0.6311842105263157,0.6067105263157895,0.5897368421052631,0.574736842105263,0.5625,0.5475,0.5368421052631579,0.5123684210526315,0.5025,0.495,0.4578947368421053,0.4073684210526313,0.2175,1.0,0.9992929292929293,0.9275757575757576,0.8093181818181818,0.7868939393939394,0.7713636363636364,0.7486363636363637,0.728030303030303,0.7343939393939394,0.7275,0.730530303030303,0.7558333333333332,0.7425,0.7415151515151516,0.736060606060606,0.7425,0.7412878787878788,0.7337121212121211,0.7261363636363637,0.7185606060606061,0.7125000000000001,0.7125,0.7125,0.7107575757575757,0.7031818181818181,0.6975,0.695530303030303,0.6879545454545455,0.6803787878787879,0.6728030303030303,0.6675,0.6675,0.6650757575757575,0.6575,0.6499242424242424,0.6423484848484848,0.6347727272727273,0.63,0.6271212121212122,0.6195454545454546,0.611969696969697,0.6075,0.6043181818181819,0.6032575757575758,0.6141666666666667,0.6190909090909091,0.6045454545454545,0.588939393939394,0.5850000000000001,0.5850000000000001,0.5812121212121212,0.5736363636363635,0.5739393939393939,0.5734848484848484,0.5659090909090909,0.5625,0.5625,0.5625,0.5668939393939394,0.57,0.5654545454545454,0.5578787878787879,0.5503030303030303,0.5475,0.5475,0.5425757575757576,0.54,0.54,0.5348484848484848,0.5325,0.5271969696969696,0.519621212121212,0.5175,0.5119696969696969,0.5156060606060606,0.5118181818181818,0.51,0.5041666666666667,0.5025,0.5025,0.5025,0.5025,0.49628787878787883,0.495,0.495,0.4885606060606061,0.48749999999999993,0.4743181818181818,0.4658333333333334,0.4515151515151516,0.4431818181818182,0.45628787878787874,0.45053030303030306,0.43590909090909097,0.39939393939393947,0.3111363636363637,0.25659090909090915,0.2403030303030303,0.2325757575757576,0.2175
IgJxh-fJTBU,transcripts,1ZY8bO1SH68W0rFOlZtQ92OjkOAllSzLg,1194.54,336,136000,0.0801980198019802,0.01782178217821782,0.039603960396039604,0.032673267326732675,0.021782178217821784,0.0,0.005940594059405941,0.019801980198019802,0.022772277227722775,0.025742574257425745,149,78,101,1,0.9,3,1,0.17524752475247524,7,0,0.7079207920792079,2.232304890739147,0.0,0.7375188280897623,4.352941176470588,3.977124183006536,0.10294117647058823,132.93326797385623,0.12326732673267328,0.10495049504950495,0.20693069306930695,0.05415841584158416,0.19504950495049506,0.1,5,0.7028947368421052,0.6852631578947368,0.5025,1.0,0.8980263157894737,0.6998684210526315,0.7117105263157895,0.81,0.7949999999999999,0.7681578947368422,0.75,0.7267105263157896,0.705,0.6852631578947368,0.6682894736842105,0.645,0.6343421052631579,0.63,0.6446052631578947,0.6209210526315789,0.5925,0.57,0.5025,1.0,0.9998232323232323,0.9815909090909091,0.9368181818181819,0.9143939393939394,0.8996212121212122,0.891590909090909,0.8759090909090909,0.8543939393939394,0.843409090909091,0.7828030303030304,0.6075,0.6093181818181819,0.624469696969697,0.6396212121212121,0.6638636363636364,0.7420454545454547,0.8187878787878787,0.8236363636363635,0.8160606060606062,0.81,0.81,0.81,0.8082575757575758,0.8025,0.8006060606060605,0.795,0.795,0.7928787878787878,0.7896969696969698,0.7881818181818182,0.7701515151515151,0.7625757575757576,0.7575000000000001,0.7549242424242424,0.75,0.75,0.75,0.7471212121212122,0.7425,0.7364393939393941,0.7275,0.7243181818181819,0.72,0.7166666666666667,0.7125,0.7090151515151515,0.705,0.7013636363636363,0.6937878787878788,0.69,0.69,0.686060606060606,0.6865151515151515,0.6859090909090908,0.6783333333333333,0.675,0.6706818181818182,0.6675,0.6675,0.6629545454545455,0.6553787878787879,0.6478030303030303,0.645,0.645,0.6400757575757575,0.6375,0.6375,0.6323484848484848,0.63,0.63,0.6353787878787879,0.6320454545454545,0.63,0.63,0.63,0.63,0.6358333333333333,0.6434090909090908,0.656969696969697,0.6418181818181818,0.6252272727272729,0.6225,0.6225,0.6161363636363637,0.6085606060606061,0.6009848484848485,0.6,0.5933333333333334,0.5925,0.5856818181818183,0.5850000000000001,0.5780303030303029,0.5704545454545454,0.57,0.5628030303030304,0.5552272727272728,0.5403030303030304,0.5325757575757576,0.5025
iKGmIRAfmCM,transcripts,18906j79Ku6APDOaNiVajL_qyPwcC-s8w,763.36,181,136000,0.087,0.057999999999999996,0.048,0.07400000000000001,0.06,0.009000000000000001,0.013999999999999999,0.105,0.005,0.012,118,69,100,1,0.9,2,1,0.223,2,2,0.6459999999999999,1.6096269841269841,0.0,0.9471428571428571,1.48,1.848,0.08833333333333333,138.46320000000003,0.154,0.059,0.212,0.0415,0.14800000000000002,0.0,4,0.7735526315789474,0.8025,0.54,1.0,0.8980263157894737,0.8585526315789473,0.8700000000000001,0.855,0.8526315789473684,0.7815789473684212,0.5873684210526317,0.6177631578947372,0.8147368421052632,0.8025,0.7807894736842105,0.7725,0.765,0.7551315789473684,0.7496052631578948,0.740921052631579,0.7239473684210527,0.7050000000000001,0.54,1.0,1.0,0.9988888888888889,0.9440909090909091,0.9143939393939394,0.8996212121212122,0.8920454545454545,0.884469696969697,0.8768939393939393,0.8693181818181819,0.8617424242424243,0.8558333333333333,0.8634090909090909,0.87,0.8699999999999999,0.87,0.87,0.8687121212121213,0.8625,0.8610606060606061,0.855,0.855,0.855,0.855,0.855,0.855,0.853030303030303,0.8475000000000001,0.8453787878787878,0.8378030303030303,0.8302272727272727,0.8015151515151516,0.7039393939393936,0.5899999999999999,0.567878787878788,0.5951515151515152,0.5945454545454545,0.593409090909091,0.6218939393939393,0.6272727272727274,0.6090909090909091,0.6162878787878789,0.6488636363636362,0.7375757575757574,0.8066666666666666,0.8331818181818181,0.8215151515151515,0.813939393939394,0.8136363636363637,0.8137878787878788,0.81,0.8061363636363637,0.8025,0.8025,0.798409090909091,0.795,0.7907575757575758,0.7831818181818182,0.78,0.78,0.78,0.78,0.7753030303030304,0.7725,0.7676515151515151,0.7649999999999999,0.7650000000000001,0.765,0.765,0.7649999999999999,0.7596969696969696,0.7521212121212121,0.75,0.755530303030303,0.7575,0.7518181818181818,0.75,0.7441666666666668,0.7484090909090909,0.7440151515151516,0.7425,0.7424999999999999,0.7425,0.7425,0.7361363636363636,0.735,0.735,0.728409090909091,0.7275,0.7207575757575758,0.72,0.7131060606060606,0.7125,0.7054545454545454,0.705,0.6978030303030304,0.6975,0.6901515151515151,0.6454545454545455,0.54
iP_siVZjbzc,transcripts,1N7e_hJqcrich76vOJCTKZgyX1jVBVxjk,1122.72,190,136000,0.053,0.047,0.019,0.017,0.01,0.0,0.033,0.044000000000000004,0.006999999999999999,0.0,145,75,100,0,0.9,0,1,0.18,6,0,0.691,1.8201426024955436,0.0,0.9338235294117647,1.5294117647058822,2.2774509803921568,0.2124183006535948,138.02,0.18,0.0395,0.19949999999999998,0.0405,0.141,0.1,5,0.6605000000000001,0.6375,0.345,1.0,0.8060526315789474,0.8025,0.7740789473684211,0.7571052631578947,0.735,0.7125,0.6911842105263157,0.6682894736842105,0.645,0.6375,0.6232894736842106,0.615,0.615,0.5850000000000001,0.5774999999999999,0.555,0.54,0.525,0.345,1.0,0.9993686868686869,0.9359848484848485,0.8613636363636364,0.8243939393939393,0.8092424242424243,0.795,0.7955303030303031,0.8031060606060606,0.8093181818181818,0.8025,0.8025,0.8006818181818182,0.7865151515151515,0.78,0.7788636363636364,0.7725,0.7725,0.7725,0.771060606060606,0.7634848484848484,0.7559090909090909,0.75,0.7482575757575758,0.7425,0.7406060606060606,0.735,0.7329545454545455,0.7253787878787878,0.7178030303030303,0.7125,0.7125,0.7100757575757576,0.705,0.7024242424242424,0.6975,0.6947727272727273,0.69,0.687121212121212,0.6765909090909091,0.6675,0.6675,0.6706818181818182,0.6684848484848486,0.66,0.6565909090909091,0.6490151515151515,0.645,0.6413636363636364,0.6412121212121211,0.645,0.6411363636363636,0.6375,0.6375,0.6334090909090908,0.63,0.63,0.6256818181818182,0.6225,0.6225,0.6225,0.6178787878787879,0.615,0.615,0.6101515151515151,0.6075,0.6075,0.6125757575757577,0.615,0.6045454545454545,0.5946969696969697,0.5925,0.5870454545454545,0.5850000000000001,0.5850000000000001,0.5850000000000001,0.5792424242424242,0.5774999999999999,0.5774999999999999,0.5715151515151515,0.57,0.5638636363636365,0.5625,0.5562121212121213,0.555,0.5485606060606061,0.5475,0.540909090909091,0.54,0.54,0.5331818181818182,0.5256060606060606,0.525,0.525,0.525,0.5034090909090909,0.4879545454545454,0.4728030303030303,0.40568181818181825,0.345
jPVQgOI33V0,transcripts,1Yt_a0_L_hI1hbdmn733iklJMkG0OeWcn,1152.16,141,136000,0.07200000000000001,0.063,0.033,0.023,0.006999999999999999,0.0,0.003,0.066,0.008,0.0,145,84,100,0,0.9,0,1,0.16699999999999998,14,2,0.696,2.278566041801336,0.0,0.78306279776868,2.7254901960784315,2.2584967320261438,0.06045751633986928,138.04464052287582,0.16149999999999998,0.081,0.242,0.055,0.136,0.1,4,0.6767828947368421,0.66,0.3975,1.0,0.8285526315789473,0.8025,0.7740789473684211,0.7646052631578947,0.7401315789473685,0.7156578947368422,0.6986842105263158,0.6915789473684211,0.6702631578947369,0.66,0.645,0.6288157894736842,0.611842105263158,0.6075,0.6,0.5850000000000001,0.57,0.5439473684210525,0.3975,1.0,0.999520202020202,0.9508333333333333,0.8693181818181818,0.8468939393939394,0.8317424242424243,0.8175000000000001,0.816969696969697,0.81,0.8093181818181818,0.8025,0.8008333333333333,0.7875,0.7875,0.7864393939393939,0.7788636363636364,0.7725,0.7712121212121211,0.7649999999999999,0.7650000000000001,0.765,0.7634090909090909,0.7558333333333332,0.75,0.7481818181818182,0.7424999999999999,0.7405303030303031,0.735,0.735,0.7328030303030303,0.7252272727272727,0.7176515151515152,0.7125,0.7125,0.7099242424242425,0.705,0.7022727272727272,0.6975,0.6975,0.6975,0.694469696969697,0.69,0.6963636363636363,0.6952272727272728,0.6791666666666667,0.675,0.6715151515151515,0.6710606060606061,0.675,0.6712878787878789,0.6637121212121212,0.66,0.66,0.6559848484848485,0.6525,0.6525,0.6482575757575757,0.645,0.645,0.640530303030303,0.6329545454545454,0.63,0.63,0.6252272727272727,0.6225,0.6225,0.6174999999999999,0.615,0.6098484848484849,0.6075,0.6075,0.6075,0.6075,0.6075,0.6075,0.6075,0.6075,0.6016666666666667,0.6,0.6,0.6060606060606061,0.6013636363636364,0.5937878787878789,0.5862121212121213,0.5850000000000001,0.578560606060606,0.5774999999999999,0.5709090909090908,0.57,0.57,0.5631818181818182,0.5625,0.555530303030303,0.555,0.5407575757575759,0.4968181818181819,0.42954545454545456,0.4128030303030303,0.4050757575757576,0.3975
jTtvWTti3b0,transcripts,1IuYSV5kuk_Zu06MM2Gh0ZZrXRPVZIk3Y,1597.12,245,136000,0.19405940594059407,0.0891089108910891,0.14207920792079207,0.016831683168316833,0.0049504950495049506,0.0,0.046534653465346534,0.02772277227722772,0.0009900990099009901,0.0039603960396039604,194,80,101,1,0.9,2,1,0.22871287128712872,6,7,0.6613861386138613,1.9832590457863633,0.0,0.8512633812897882,4.901960784313726,3.9199346405228757,0.1650326797385621,138.76192810457516,0.13514851485148516,0.12425742574257427,0.21584158415841584,0.026237623762376237,0.1613861386138614,0.1,5,0.5612236842105263,0.5325,0.3975,1.0,0.7160526315789473,0.6525,0.631578947368421,0.6,0.5948684210526316,0.5806578947368422,0.5625,0.5475,0.5352631578947369,0.5325,0.5182894736842105,0.51,0.5068421052631579,0.48750000000000004,0.48,0.47092105263157885,0.4575,0.4425,0.3975,1.0,0.998459595959596,0.8459848484848486,0.771590909090909,0.7415909090909091,0.7192424242424242,0.705,0.7034090909090909,0.6818939393939394,0.6729545454545455,0.6525,0.6516666666666666,0.645,0.645,0.6439393939393939,0.6363636363636362,0.63,0.6287121212121212,0.6211363636363637,0.6135606060606061,0.6059848484848485,0.6,0.6,0.5982575757575758,0.5925,0.5925,0.594469696969697,0.6020454545454546,0.6011363636363637,0.5850000000000001,0.5850000000000001,0.5826515151515153,0.5774999999999999,0.575,0.57,0.5673484848484848,0.5625,0.5625,0.5625,0.5595454545454546,0.555,0.5518939393939395,0.5475,0.5475,0.5441666666666667,0.54,0.5365151515151516,0.5360606060606061,0.54,0.5437121212121212,0.5437121212121212,0.5361363636363636,0.5325,0.5284848484848486,0.525,0.525,0.525,0.5206818181818181,0.5175,0.521969696969697,0.5204545454545454,0.5128787878787878,0.51,0.51,0.51,0.51,0.51,0.51,0.5048484848484848,0.4972727272727272,0.495,0.495,0.48954545454545445,0.48750000000000004,0.4875,0.4875,0.48749999999999993,0.4816666666666667,0.48,0.48,0.48,0.4738636363636364,0.4725,0.4725,0.4661363636363637,0.465,0.465,0.465,0.45833333333333337,0.4575,0.45068181818181824,0.45689393939393935,0.45053030303030306,0.4429545454545455,0.4425,0.4425,0.43522727272727274,0.435,0.4201515151515151,0.3975
JXTBwlW02No,transcripts,1MTN3-zbvbd47gpf-clqey8DEhCVWY9q_,719.16,245,136000,0.034653465346534656,0.012871287128712872,0.00891089108910891,0.01881188118811881,0.021782178217821784,0.00693069306930693,0.005940594059405941,0.07326732673267328,0.0,0.0,70,56,101,1,0.9,1,1,0.2108910891089109,6,0,0.6742574257425742,1.5978602552131964,0.0,0.8120915032679739,1.2745098039215685,1.7908496732026142,0.09150326797385622,124.26679738562093,0.10693069306930694,0.009900990099009901,0.18118811881188118,0.047524752475247525,0.08118811881188118,0.0,4,0.7428618421052631,0.7322368421052632,0.45,1.0,0.825,0.8175,0.8115789473684212,0.795,0.7874999999999999,0.78,0.7725,0.7642105263157895,0.7472368421052631,0.7322368421052632,0.72,0.705,0.6975,0.6975,0.6828947368421052,0.6840789473684211,0.6825,0.7050000000000001,0.45,1.0,1.0,0.9978282828282828,0.8906818181818181,0.8321969696969697,0.825,0.825,0.8244696969696969,0.8175,0.8175,0.8175000000000001,0.8175,0.8175,0.8175,0.8175000000000001,0.8163636363636364,0.81,0.8087121212121213,0.8025,0.8025,0.8009848484848485,0.795,0.7933333333333333,0.7875,0.7875,0.7874999999999999,0.7875,0.7875,0.7875,0.7875,0.7852272727272727,0.78,0.7775757575757576,0.7725,0.7725,0.7725,0.7725,0.7725,0.7725,0.7754545454545454,0.7769696969696971,0.7693939393939394,0.7618181818181817,0.7575,0.7541666666666667,0.75,0.75,0.746439393939394,0.7461363636363636,0.7462878787878788,0.7425,0.7347727272727274,0.731439393939394,0.735,0.735,0.7308333333333333,0.7232575757575758,0.72,0.7243939393939394,0.7275,0.7229545454545454,0.7153787878787878,0.7078030303030303,0.705,0.705,0.705,0.705,0.6999242424242423,0.6975,0.6975,0.6975,0.6975,0.6975,0.6975,0.6918939393939393,0.69,0.69,0.69,0.6840909090909091,0.6825,0.6824999999999999,0.6825,0.6825,0.6825,0.6888636363636363,0.6835606060606061,0.6825,0.6825,0.6825,0.6825,0.6825,0.6893939393939393,0.6969696969696969,0.7045454545454545,0.705,0.6978030303030304,0.6902272727272727,0.6826515151515152,0.630530303030303,0.45
K5zVqoMMj3Y,transcripts,13DqaTuEnmHfp5FFuGgSKd4GAPw7Yuman,1111.44,383,136000,0.118,0.017,0.048,0.015,0.02,0.0,0.004,0.059,0.01,0.011000000000000001,71,48,100,1,0.9,3,1,0.12200000000000001,0,2,0.754,1.6742855728149846,0.0,0.866182836771072,1.803921568627451,1.5548786181139123,0.0326797385620915,127.45071661998134,0.165,0.11,0.247,0.10099999999999999,0.237,0.1,4,0.7186447368421052,0.7125,0.2925,1.0,0.8625,0.8628947368421053,0.8475,0.8096052631578947,0.7776315789473685,0.7681578947368422,0.7488157894736842,0.7417105263157895,0.7464473684210525,0.7125,0.6975,0.6232894736842104,0.6832894736842103,0.6525,0.6880263157894736,0.63,0.6260526315789474,0.6019736842105263,0.2925,1.0,0.9995959595959596,0.9587878787878787,0.8995454545454545,0.884090909090909,0.8625,0.8620454545454546,0.854469696969697,0.8475,0.8481818181818183,0.8565151515151515,0.8724999999999999,0.8943181818181818,0.9025757575757575,0.8668181818181817,0.8475,0.8462878787878788,0.84,0.8372727272727273,0.823560606060606,0.8159848484848485,0.808409090909091,0.8008333333333334,0.7932575757575757,0.7856818181818181,0.78,0.7780303030303031,0.7725,0.7746212121212122,0.7778030303030303,0.7725,0.7701515151515151,0.765,0.76,0.75,0.7473484848484848,0.7452272727272728,0.75,0.7528787878787878,0.7545454545454545,0.7469696969696971,0.7425,0.7393181818181818,0.735,0.735,0.7486363636363635,0.7615151515151515,0.7432575757575758,0.7275,0.7312121212121212,0.735,0.7234090909090909,0.7125,0.7205303030303031,0.7234090909090909,0.7075,0.6975,0.6975,0.6931060606060606,0.685530303030303,0.6734090909090908,0.635151515151515,0.615,0.6484090909090907,0.6917424242424244,0.6853030303030302,0.6699999999999999,0.6675,0.693257575757576,0.705,0.6784848484848482,0.6621212121212121,0.6545454545454544,0.6525,0.6525,0.6468181818181818,0.645,0.6508333333333333,0.6820454545454543,0.6840151515151516,0.6461363636363637,0.6375,0.6312878787878788,0.63,0.63,0.63,0.6365151515151515,0.624318181818182,0.6225,0.6292424242424242,0.6231818181818183,0.6156060606060606,0.608030303030303,0.6075,0.6003787878787878,0.5928030303030304,0.5852272727272728,0.5188636363636364,0.37643939393939396,0.2925
kifrPvJigCU,transcripts,15Qcqe5wk02axFTXeSXH9ecIc_m-W3vVS,677.74,83,136000,0.016831683168316833,0.00891089108910891,0.0,0.01386138613861386,0.0039603960396039604,0.0,0.0,0.05346534653465347,0.01881188118811881,0.0,116,66,101,1,0.9,2,1,0.1891089108910891,1,0,0.693069306930693,1.6358968253968253,0.0,0.8533333333333333,1.92,2.3166666666666664,0.1,129.04983333333334,0.1316831683168317,0.012871287128712872,0.18514851485148515,0.050990099009900994,0.08712871287128714,0.1,5,0.7352434210526316,0.730263157894737,0.4125,1.0,0.8380263157894736,0.8135526315789474,0.8325,0.8021052631578948,0.7725,0.7875,0.7811842105263158,0.75,0.7397368421052632,0.730263157894737,0.72,0.705,0.69,0.69,0.675,0.66,0.6525,0.6525,0.4125,1.0,1.0,0.9987373737373737,0.9352272727272728,0.8615909090909091,0.8396212121212121,0.831590909090909,0.8175,0.8181060606060606,0.8243181818181818,0.8167424242424243,0.81,0.8090909090909091,0.8034848484848485,0.8131818181818182,0.8325,0.8288636363636364,0.8074242424242425,0.7963636363636364,0.8025,0.8025,0.8009090909090909,0.795,0.7932575757575757,0.7856818181818181,0.7781060606060606,0.7725,0.7745454545454545,0.7821212121212121,0.7896969696969698,0.7927272727272727,0.7874999999999999,0.7875,0.7875,0.7875000000000001,0.7874999999999999,0.7847727272727272,0.78,0.7771212121212121,0.7695454545454545,0.761969696969697,0.7543939393939394,0.75,0.75,0.75,0.7465909090909091,0.7425,0.738939393939394,0.7386363636363636,0.7425,0.7387121212121213,0.735,0.731060606060606,0.7234848484848484,0.72,0.72,0.72,0.72,0.72,0.72,0.72,0.7153787878787878,0.7078030303030303,0.705,0.705,0.7000757575757575,0.6975,0.6924242424242424,0.69,0.69,0.69,0.69,0.69,0.69,0.6843939393939393,0.6825,0.6824999999999999,0.6766666666666667,0.675,0.6690151515151516,0.6675,0.6675,0.6675,0.6612121212121213,0.66,0.6535606060606061,0.6525,0.6525,0.6525000000000001,0.6525,0.6525,0.6525,0.6455303030303031,0.6520454545454545,0.6525,0.6525,0.6525,0.6231060606060607,0.5037121212121212,0.4125
lgeLlSArJXU,transcripts,1cjxUJ7NZ84edo5J0RI1sCNFE-CNJhIaX,1247.98,356,136000,0.08811881188118813,0.09306930693069307,0.025742574257425745,0.08712871287128712,0.05841584158415842,0.0049504950495049506,0.05841584158415842,0.04455445544554455,0.007920792079207921,0.0,157,83,101,1,0.95,3,1,0.25643564356435644,15,0,0.6396039603960395,2.620665039008692,0.0,0.7881250729547943,4.8431372549019605,3.3532679738562092,0.11405228758169934,139.49859477124184,0.13613861386138615,0.06188118811881188,0.23217821782178216,0.04207920792079208,0.12871287128712872,0.0,5,0.7116776315789474,0.7275,0.435,1.0,0.8660526315789473,0.8246052631578947,0.6675,0.825,0.8025,0.7681578947368422,0.7638157894736842,0.7567105263157894,0.7377631578947368,0.7275,0.7117105263157895,0.6738157894736843,0.6675,0.6375,0.615,0.5984210526315789,0.5850000000000001,0.57,0.435,1.0,0.9994444444444445,0.9436363636363636,0.8772727272727272,0.87,0.8692424242424243,0.8545454545454545,0.8469696969696969,0.8406060606060606,0.8461363636363637,0.8309848484848485,0.8158333333333334,0.793409090909091,0.7186363636363636,0.6610606060606061,0.6675,0.6687121212121212,0.6891666666666667,0.7670454545454546,0.8114393939393939,0.8190151515151515,0.825,0.8233333333333333,0.8157575757575758,0.81,0.8081060606060606,0.8025,0.8004545454545454,0.7928787878787878,0.7853030303030304,0.7777272727272727,0.7701515151515151,0.765,0.7625,0.7575,0.7575,0.7602272727272728,0.7621969696969697,0.7575,0.7575,0.760530303030303,0.7618939393939395,0.7543181818181819,0.7532575757575757,0.7541666666666667,0.7431818181818182,0.735,0.738560606060606,0.7388636363636364,0.735,0.735,0.7311363636363637,0.7275,0.7234848484848484,0.7159090909090908,0.7125,0.7082575757575758,0.7093181818181818,0.7168939393939393,0.706590909090909,0.6884090909090909,0.6778787878787879,0.675,0.6702272727272727,0.6723484848484849,0.675,0.675,0.6699242424242424,0.6675,0.6622727272727272,0.6546969696969697,0.6471212121212121,0.6395454545454544,0.6375,0.6318939393939393,0.6243181818181819,0.6167424242424243,0.615,0.615,0.6209848484848485,0.610378787878788,0.6013636363636364,0.6,0.6,0.5936363636363637,0.5925,0.5925,0.585909090909091,0.5850000000000001,0.5850000000000001,0.5850000000000001,0.5850000000000001,0.5780303030303029,0.5704545454545454,0.57,0.5628030303030304,0.5552272727272728,0.555,0.5327272727272727,0.435
LH3DvvXTxzc,transcripts,1NW9ykZaJqYzk7jWim-7C45C--e-qUVOp,970.04,185,136000,0.032673267326732675,0.02772277227722772,0.019801980198019802,0.01386138613861386,0.010891089108910892,0.0,0.0,0.07722772277227723,0.007920792079207921,0.007920792079207921,181,91,101,1,0.9,2,1,0.22178217821782176,2,0,0.6762376237623762,2.100265512265512,0.0,0.8539033189033189,2.5,2.9576666666666664,0.08333333333333334,139.95533333333336,0.09603960396039606,0.02871287128712871,0.1722772277227723,0.030693069306930693,0.100990099009901,0.1,5,0.6723223684210526,0.6525,0.4875,1.0,0.8546052631578948,0.7835526315789474,0.75,0.7575,0.7377631578947369,0.7081578947368421,0.6986842105263158,0.6825,0.675,0.6525,0.6375,0.6213157894736843,0.6075,0.5873684210526315,0.57,0.555,0.5475,0.5325,0.4875,1.0,1.0,0.9981313131313131,0.9065909090909091,0.8768939393939394,0.8609848484848486,0.831590909090909,0.816969696969697,0.8087878787878788,0.7943181818181818,0.7867424242424242,0.7791666666666667,0.7715909090909091,0.765,0.7628787878787879,0.75,0.7512121212121212,0.7587878787878787,0.7636363636363636,0.7574999999999998,0.7575,0.7575,0.7574999999999998,0.7540151515151515,0.7461363636363637,0.7537121212121212,0.738560606060606,0.7254545454545455,0.72,0.7178030303030303,0.7125,0.7101515151515152,0.705,0.705,0.7024242424242424,0.7001515151515152,0.7022727272727272,0.6946969696969696,0.69,0.69,0.686969696969697,0.6825,0.6825,0.6825,0.6791666666666667,0.675,0.675,0.675,0.675,0.675,0.6674242424242425,0.6561363636363636,0.6525,0.6525,0.6484090909090909,0.645,0.6407575757575756,0.6375,0.6331060606060606,0.63,0.63,0.6253787878787879,0.6225,0.6177272727272728,0.615,0.615,0.61,0.6075,0.6075,0.6022727272727273,0.6,0.6,0.5945454545454545,0.586969696969697,0.5793939393939392,0.5718181818181818,0.57,0.57,0.57,0.5640151515151516,0.5625,0.5625,0.5562878787878789,0.555,0.555,0.5485606060606061,0.5475,0.5475,0.5475,0.5475,0.5406818181818183,0.54,0.5330303030303031,0.5325,0.5325,0.5325,0.5325,0.5325,0.5176515151515151,0.4875
lLoSngvynB8,transcripts,1bn4ovWV7Ke1nnF3sjlfAI0VbQ9XgVcf4,1264.3600000000001,263,136000,0.14800000000000002,0.127,0.051,0.052000000000000005,0.023,0.015,0.04,0.051,0.027000000000000003,0.009,220,98,100,1,0.95,3,1,0.258,39,8,0.628,1.7291726791726791,0.0,0.9269763460939932,3.607843137254902,2.541830065359477,0.10522875816993463,137.6763071895425,0.111,0.077,0.21600000000000003,0.0405,0.12300000000000001,0.1,4,0.7247039473684211,0.7152631578947368,0.435,1.0,0.9055263157894737,0.87,0.7211842105263159,0.7598684210526316,0.8025,0.795,0.7725,0.7507894736842106,0.7322368421052632,0.7152631578947368,0.6982894736842106,0.6888157894736842,0.675,0.6801315789473684,0.645,0.63,0.615,0.6019736842105263,0.435,1.0,0.9998232323232323,0.9815909090909091,0.9368181818181819,0.9146969696969698,0.9071212121212121,0.9,0.899469696969697,0.8918939393939394,0.8836363636363636,0.8699999999999999,0.87,0.8681818181818182,0.8540151515151515,0.8421969696969698,0.7929545454545455,0.6890151515151515,0.6501515151515153,0.6736363636363637,0.6718181818181819,0.7036363636363635,0.7670454545454545,0.8025,0.8042424242424242,0.81,0.8081060606060606,0.8025,0.8025,0.8003787878787879,0.7949999999999999,0.7950000000000002,0.795,0.7925757575757576,0.7849999999999999,0.78,0.7773484848484848,0.7725,0.7696969696969697,0.765,0.7620454545454546,0.7575,0.7543939393939394,0.7531818181818182,0.7509848484848485,0.7425,0.7390909090909091,0.735,0.731439393939394,0.7275,0.7275,0.7237121212121211,0.72,0.7160606060606061,0.7125,0.7084090909090909,0.705,0.705,0.7006818181818182,0.6975,0.6975,0.6929545454545454,0.69,0.69,0.6852272727272728,0.6825,0.6825,0.6825,0.6774242424242424,0.675,0.6697727272727272,0.6675,0.672878787878788,0.675,0.680530303030303,0.6600757575757573,0.6525,0.6524999999999999,0.6466666666666667,0.645,0.645,0.6389393939393939,0.6375,0.6375,0.6312121212121212,0.63,0.6235606060606061,0.6225,0.6225,0.6158333333333333,0.615,0.615,0.615,0.608030303030303,0.6075,0.6003787878787878,0.6,0.6,0.5926515151515152,0.5182575757575758,0.435
lYAEH2n3I58,transcripts,1fhCWPEs6ywQxYP99hxO9AHZ60iaZo33x,1589.88,374,136000,0.18217821782178217,0.09603960396039603,0.05346534653465347,0.04950495049504951,0.034653465346534656,0.011881188118811881,0.031683168316831684,0.05742574257425742,0.0039603960396039604,0.01881188118811881,208,93,101,1,0.9,3,1,0.15643564356435644,11,3,0.7148514851485149,2.509470703153056,0.0,0.7588512885807003,6.1,3.5756666666666668,0.13366666666666668,142.08663333333334,0.14207920792079207,0.10940594059405942,0.22673267326732677,0.06752475247524753,0.15742574257425743,0.1,4,0.5679736842105263,0.5427631578947368,0.2925,1.0,0.7985526315789473,0.6114473684210526,0.7476315789473684,0.6892105263157895,0.6576315789473685,0.6181578947368421,0.6694736842105266,0.5842105263157895,0.574736842105263,0.5427631578947368,0.5107894736842106,0.495,0.483157894736842,0.45236842105263153,0.435,0.4184210526315789,0.40144736842105266,0.37697368421052624,0.2925,1.0,0.9990656565656566,0.9065909090909091,0.8615909090909091,0.8312878787878788,0.8017424242424241,0.7856818181818181,0.7527272727272727,0.6857575757575757,0.6347727272727273,0.6082575757575758,0.615,0.615,0.616969696969697,0.6374242424242424,0.6950000000000001,0.7553030303030303,0.7037121212121211,0.6975,0.696060606060606,0.69,0.6868181818181818,0.6766666666666667,0.6790151515151515,0.6656818181818183,0.66,0.6580303030303031,0.6565909090909091,0.6653787878787879,0.6512121212121212,0.6277272727272727,0.6201515151515152,0.6125757575757576,0.605,0.6,0.6,0.6300000000000003,0.6796969696969697,0.6577272727272729,0.6181818181818183,0.596969696969697,0.5893939393939395,0.5818181818181818,0.5742424242424242,0.5766666666666667,0.5850000000000001,0.5815151515151515,0.5739393939393939,0.5627272727272727,0.555,0.555,0.5511363636363636,0.543560606060606,0.556060606060606,0.5659090909090909,0.55,0.5272727272727272,0.5131818181818182,0.5056060606060606,0.49803030303030305,0.5040909090909091,0.5053787878787879,0.4978030303030303,0.495,0.4901515151515151,0.4875,0.48249999999999993,0.48,0.4851515151515152,0.4822727272727272,0.4746969696969696,0.4617424242424242,0.4575,0.4519696969696969,0.45,0.4443181818181819,0.4425,0.43666666666666676,0.435,0.42901515151515157,0.4275,0.4275,0.42128787878787877,0.42,0.41363636363636364,0.4125,0.4125,0.4125,0.4058333333333334,0.3982575757575758,0.3975,0.3906060606060607,0.38303030303030305,0.3825,0.37537878787878787,0.3678030303030303,0.36022727272727273,0.3379545454545455,0.30780303030303036,0.2925
M0IdDCUNivM,transcripts,1F0SEbZrWEHy_MGPeRLUQ-pjaziUHk2GB,2621.44,797,136000,0.1188118811881188,0.05148514851485149,0.07326732673267326,0.010891089108910892,0.017821782178217824,0.00693069306930693,0.02277227722772277,0.033663366336633666,0.009900990099009901,0.0039603960396039604,252,81,101,1,0.9,2,0,0.24257425742574257,6,3,0.654950495049505,2.00053236091394,0.0,0.9452205513784462,5.94,3.696095238095238,0.20604761904761904,141.9300761904762,0.18316831683168316,0.11188118811881188,0.2504950495049505,0.06158415841584158,0.19504950495049506,0.0,4,0.38722368421052633,0.315,0.2475,1.0,0.6442105263157895,0.5510526315789473,0.49815789473684213,0.4421052631578947,0.4125,0.38565789473684214,0.3611842105263157,0.3375,0.3225,0.315,0.31421052631578944,0.2925,0.285,0.2775,0.2703947368421053,0.27,0.2625,0.255,0.2475,1.0,0.9981565656565656,0.8164393939393939,0.765,0.7607575757575757,0.656969696969697,0.5995454545454545,0.591439393939394,0.5768939393939393,0.5686363636363635,0.5542424242424243,0.5458333333333333,0.5315909090909091,0.525,0.5228787878787879,0.5077272727272727,0.4937878787878788,0.4875,0.48477272727272724,0.4696212121212121,0.454469696969697,0.4409090909090909,0.4333333333333333,0.4257575757575758,0.4181818181818182,0.4125,0.4125,0.4104545454545454,0.405,0.405,0.40045454545454545,0.38765151515151514,0.38007575757575757,0.375,0.375,0.3723484848484848,0.36477272727272725,0.36,0.3571212121212121,0.34954545454545455,0.345,0.3418939393939394,0.3375,0.3342424242424243,0.33,0.33,0.32651515151515154,0.3225,0.3225,0.3225,0.3187121212121212,0.315,0.315,0.3109848484848485,0.3075,0.3075,0.3075,0.3118181818181818,0.30621212121212116,0.30446969696969695,0.29840909090909085,0.2925,0.2925,0.2925,0.2876515151515151,0.285,0.285,0.285,0.285,0.27977272727272723,0.2775,0.2775,0.2775,0.2775,0.2775,0.2831818181818181,0.2792424242424243,0.2775,0.27159090909090916,0.27,0.27,0.2761363636363636,0.27128787878787886,0.27,0.27,0.27,0.26348484848484854,0.2625,0.2625,0.2625,0.2625,0.2625,0.25553030303030305,0.255,0.255,0.255,0.255,0.255,0.2475757575757576,0.2475
mBzEZBF1a_U,transcripts,1Tvhdx_mmhik3hOCy7LNWd--_qdfK10xJ,1198.04,330,136000,0.031683168316831684,0.05643564356435644,0.016831683168316833,0.041584158415841586,0.06534653465346535,0.0,0.011881188118811881,0.034653465346534656,0.01386138613861386,0.0019801980198019802,155,73,101,1,0.95,3,1,0.19801980198019803,6,0,0.6772277227722773,1.4762371615312793,0.0,1.0,3.215686274509804,2.7731559290382823,0.04248366013071895,143.12989729225023,0.1613861386138614,0.04108910891089109,0.20495049504950494,0.03811881188118812,0.12673267326732673,0.0,5,0.4492171052631579,0.4302631578947369,0.255,1.0,0.5435526315789474,0.5214473684210527,0.42828947368421055,0.4290789473684211,0.4725,0.4650000000000001,0.4575,0.44921052631578945,0.43499999999999994,0.4302631578947369,0.41999999999999993,0.405,0.3975,0.39,0.3825,0.375,0.3675,0.36,0.255,1.0,0.9978535353535354,0.7840151515151514,0.6136363636363635,0.5690909090909091,0.5467424242424243,0.5320454545454545,0.5255303030303031,0.5318939393939394,0.5243181818181818,0.5182575757575757,0.5241666666666667,0.5175,0.5165151515151515,0.5068181818181818,0.4761363636363636,0.41007575757575754,0.3975,0.3934090909090909,0.3793181818181818,0.40356060606060606,0.43386363636363634,0.4591666666666667,0.46674242424242424,0.4725,0.47250000000000003,0.4725,0.4724999999999999,0.4746212121212121,0.4756060606060606,0.4650000000000001,0.465,0.465,0.46499999999999997,0.4624242424242424,0.4575,0.4575,0.4575,0.4546212121212122,0.45,0.45,0.44999999999999996,0.4468181818181819,0.4457575757575758,0.44666666666666666,0.4390909090909091,0.435,0.435,0.435,0.4312878787878788,0.4312878787878788,0.435,0.43106060606060603,0.42348484848484846,0.42,0.42,0.42,0.42,0.42,0.41999999999999993,0.42,0.4107575757575757,0.405,0.405,0.405,0.40007575757575753,0.3975,0.3975,0.3975000000000001,0.3922727272727272,0.39,0.39,0.39,0.39,0.38439393939393934,0.3825,0.38250000000000006,0.3825,0.3825,0.3765151515151516,0.375,0.375,0.375,0.375,0.375,0.375,0.375,0.3684090909090909,0.3675,0.3675,0.36750000000000005,0.3675,0.36053030303030303,0.36,0.36,0.36,0.3527272727272727,0.3451515151515151,0.3153030303030303,0.255
Mc0b511IaVU,transcripts,1tTFOvKT9D1Arj325G-cT689vpqunEX1P,1107.96,408,136000,0.163,0.027999999999999997,0.064,0.013999999999999999,0.028999999999999998,0.028999999999999998,0.0,0.039,0.023000000000000003,0.0,107,63,100,0,1.0,0,1,0.16,3,0,0.72,2.056095238095238,0.0,0.98,0.92,1.564857142857143,0.11333333333333334,141.76598571428573,0.1285,0.09849999999999999,0.21850000000000003,0.0975,0.152,0.1,4,0.7292434210526315,0.7227631578947369,0.42,1.0,0.8905263157894736,0.8696052631578948,0.8340789473684211,0.8246052631578947,0.8025,0.78,0.7586842105263157,0.75,0.7275,0.7227631578947369,0.6975,0.69,0.671842105263158,0.6548684210526315,0.6453947368421052,0.63,0.615,0.6,0.42,1.0,0.9998232323232323,0.981439393939394,0.9293181818181818,0.9068939393939395,0.892121212121212,0.885,0.8855303030303031,0.8925,0.8911363636363636,0.8759848484848485,0.8616666666666667,0.855,0.8540151515151515,0.846439393939394,0.8388636363636364,0.8312878787878788,0.8275757575757576,0.8413636363636364,0.8446212121212122,0.8309848484848484,0.8234090909090909,0.8158333333333334,0.81,0.81,0.8081060606060606,0.8025,0.8004545454545454,0.7971212121212121,0.7981060606060605,0.7852272727272727,0.78,0.7775757575757576,0.77,0.7649999999999999,0.765,0.7622727272727272,0.7546969696969696,0.75,0.75,0.75,0.75,0.75,0.7467424242424243,0.7391666666666667,0.735,0.7315151515151515,0.7275,0.7275,0.7275,0.7275,0.7275,0.7235606060606061,0.72,0.7159090909090908,0.7166666666666667,0.7072727272727273,0.6975,0.6931060606060606,0.69,0.69,0.69,0.69,0.69,0.69,0.69,0.6849999999999999,0.6774242424242424,0.6698484848484848,0.6675,0.6621969696969696,0.66,0.66,0.6544696969696969,0.6525,0.6525,0.6524999999999999,0.6525,0.6465909090909091,0.645,0.6389393939393939,0.6375,0.6375,0.6312121212121212,0.63,0.6364393939393939,0.6440151515151514,0.6318181818181818,0.6166666666666667,0.615,0.615,0.6081060606060606,0.6005303030303031,0.6,0.6,0.5928030303030304,0.5852272727272728,0.5703030303030303,0.4809090909090909,0.42
mM6sYTdPZ-0,transcripts,1bL59BPMpjlUJlI6p568cw6PawQJO0yQ-,333.76,74,136000,0.025,0.008,0.01,0.011000000000000001,0.0,0.003,0.0,0.037000000000000005,0.008,0.001,43,37,100,0,0.9,0,1,0.16,0,0,0.6940000000000001,1.6230000000000002,0.0,0.852,0.8,1.9,0.16,126.6568,0.168,0.081,0.21100000000000002,0.0575,0.153,0.1,4,0.7263815789473684,0.727894736842105,0.465,1.0,0.93,0.841578947368421,0.7598684210526316,0.735,0.735,0.8025,0.735,0.735,0.735,0.727894736842105,0.6675,0.6675,0.6675,0.735,0.6675,0.6675,0.6,0.6532894736842101,0.465,1.0,0.87,0.87,0.87,0.87,0.93,0.93,0.93,0.93,0.93,0.87,0.8025,0.8025,0.8025,0.8025,0.8025,0.735,0.735,0.735,0.735,0.735,0.735,0.735,0.735,0.735,0.735,0.735,0.735,0.735,0.87,0.8025,0.8025,0.8025,0.735,0.735,0.735,0.735,0.735,0.735,0.735,0.735,0.735,0.735,0.735,0.735,0.735,0.735,0.735,0.735,0.735,0.735,0.735,0.735,0.6675,0.6675,0.6675,0.6675,0.6675,0.6675,0.6675,0.6675,0.6675,0.6675,0.6675,0.6675,0.6675,0.6675,0.6675,0.6675,0.6675,0.6675,0.6675,0.735,0.735,0.735,0.735,0.6675,0.6675,0.6675,0.6675,0.6675,0.6675,0.6675,0.6675,0.6675,0.6675,0.6,0.6,0.6,0.6,0.6,0.6,0.6,0.6,0.6675,0.6675,0.5325,0.5325,0.5325,0.465
NE38Pn3CYRc,transcripts,16ONEfUSvEziB60mxHw17JpfIcVRMqtj_,360.48,74,136000,0.026000000000000002,0.01,0.006999999999999999,0.006999999999999999,0.019,0.016,0.0,0.02,0.0,0.011000000000000001,38,36,100,0,0.9,0,0,0.375,1,1,0.5329999999999999,1.4205714285714286,0.0,0.7982857142857143,1.02,1.73,0.04,118.0737,0.08,0.013000000000000001,0.154,0.030500000000000003,0.062,0.1,3,0.5525,0.5325,0.33,1.0,0.6,0.6675,0.6,0.6,0.6,0.6675,0.5325,0.5325,0.5325,0.5325,0.5325,0.465,0.465,0.465,0.465,0.5325,0.46499999999999997,0.465,0.33,1.0,0.93,0.6675,0.6675,0.6,0.6,0.6,0.6,0.6,0.6,0.6675,0.6675,0.6675,0.6675,0.6675,0.6,0.6,0.6,0.6,0.6,0.6,0.6,0.6,0.6,0.6,0.6,0.6,0.6,0.6,0.6,0.6,0.6675,0.6675,0.6,0.5325,0.5325,0.5325,0.5325,0.5325,0.5325,0.5325,0.5325,0.5325,0.5325,0.5325,0.5325,0.5325,0.5325,0.5325,0.5325,0.5325,0.5325,0.5325,0.5325,0.5325,0.5325,0.5325,0.5325,0.5325,0.465,0.465,0.465,0.465,0.465,0.465,0.465,0.465,0.465,0.465,0.465,0.465,0.465,0.465,0.465,0.465,0.465,0.465,0.465,0.465,0.465,0.465,0.465,0.5325,0.5325,0.5325,0.465,0.465,0.465,0.465,0.465,0.465,0.465,0.465,0.465,0.465,0.465,0.33,0.33,0.33,0.33
Nvq6okhPSOw,transcripts,19eU666NOwSixS-d3sTeoQIa4ThvQx1tk,1561.98,561,136000,0.11386138613861387,0.02871287128712871,0.06732673267326733,0.02772277227722772,0.01386138613861386,0.01485148514851485,0.02772277227722772,0.019801980198019802,0.0,0.0,151,79,101,1,0.9,3,1,0.23168316831683167,7,3,0.6683168316831684,1.580067488067488,0.0,0.9338636363636365,3.16,2.9619999999999997,0.174,134.0803,0.21386138613861388,0.08267326732673266,0.25693069306930694,0.049999999999999996,0.18514851485148515,0.1,4,0.5101842105263158,0.46499999999999997,0.3225,1.0,0.7460526315789473,0.6746052631578947,0.5289473684210527,0.54,0.5325,0.51,0.5025,0.495,0.48473684210526313,0.46499999999999997,0.4575,0.4488157894736842,0.435,0.4275,0.4125,0.4125,0.41605263157894734,0.39197368421052625,0.3225,1.0,0.9986111111111111,0.8612878787878788,0.8013636363636364,0.7643939393939394,0.7492424242424243,0.734090909090909,0.7189393939393939,0.7043939393939394,0.6961363636363636,0.6809848484848484,0.6666666666666666,0.6590909090909091,0.650530303030303,0.6321969696969697,0.5863636363636362,0.5136363636363637,0.5363636363636364,0.555,0.5535606060606061,0.5459848484848485,0.54,0.5383333333333333,0.5307575757575758,0.5268181818181819,0.5325,0.5325,0.5325,0.5303787878787879,0.5206060606060606,0.51,0.51,0.51,0.51,0.51,0.5073484848484848,0.5025,0.49969696969696964,0.495,0.4979545454545454,0.499469696969697,0.495,0.495,0.495,0.495,0.4915909090909091,0.48750000000000004,0.4839393939393939,0.48,0.4837121212121212,0.4799242424242424,0.46863636363636363,0.465,0.465,0.4650000000000001,0.465,0.4607575757575758,0.4575,0.4531060606060606,0.45,0.45,0.45000000000000007,0.45,0.4452272727272728,0.4425,0.4375757575757575,0.43499999999999994,0.43500000000000005,0.435,0.435,0.43499999999999994,0.435,0.4295454545454545,0.4275,0.4218939393939394,0.42,0.4142424242424243,0.4125,0.4125,0.4125,0.4125,0.4125,0.4125,0.4125,0.4125,0.4125,0.4125,0.4125,0.4125,0.4192424242424242,0.41318181818181815,0.4125,0.4055303030303031,0.3979545454545455,0.3903787878787879,0.3684090909090909,0.35295454545454547,0.3451515151515151,0.3375757575757576,0.3225
OpuMLYUuP_M,transcripts,1FmWni9ZOuuTNmkXpEmEhzAm618nJqRSG,718.7199999999999,100,136000,0.031683168316831684,0.04059405940594059,0.00891089108910891,0.0039603960396039604,0.028712871287128718,0.0,0.0,0.04059405940594059,0.0029702970297029703,0.0,68,49,101,1,0.9,2,1,0.17524752475247524,5,0,0.699009900990099,3.274854423354423,0.0,0.8436957764457764,3.52,2.912809523809524,0.06352380952380952,140.4365070995671,0.15346534653465346,0.03663366336633664,0.20495049504950494,0.047524752475247525,0.11386138613861387,0.1,5,0.7421118421052632,0.7452631578947368,0.4725,1.0,0.8530263157894737,0.8360526315789474,0.7906578947368421,0.8025,0.7874999999999999,0.7725,0.7713157894736843,0.7582894736842105,0.7575,0.7452631578947368,0.7357894736842105,0.7275,0.7125,0.6975,0.6828947368421052,0.6675,0.6489473684210526,0.6225,0.4725,1.0,0.9998232323232323,0.9811363636363637,0.9140909090909091,0.8837878787878788,0.8546212121212121,0.8475,0.8469696969696969,0.84,0.84,0.8392424242424242,0.8316666666666667,0.8231818181818182,0.8090151515151516,0.8025,0.8002272727272727,0.7875,0.7900757575757575,0.8025,0.803939393939394,0.8084848484848485,0.8025,0.8008333333333334,0.7949999999999999,0.795,0.7931060606060607,0.7875,0.7875,0.7853787878787879,0.78,0.7777272727272727,0.7725,0.7725,0.7725,0.7725,0.7698484848484848,0.7677272727272728,0.7725,0.7725,0.7695454545454545,0.765,0.7618939393939395,0.7606818181818182,0.765,0.765,0.765,0.7615151515151515,0.7575,0.7575,0.7537878787878788,0.75,0.75,0.7460606060606061,0.7425,0.7425,0.7425,0.7425,0.7381818181818183,0.735,0.730530303030303,0.7275,0.7275,0.7275,0.7275,0.7226515151515152,0.72,0.715,0.7125,0.7125,0.7072727272727272,0.705,0.6996212121212121,0.6975,0.6975,0.6975,0.6975,0.6917424242424243,0.69,0.6840909090909091,0.6825,0.676439393939394,0.675,0.6687878787878788,0.6675,0.6675,0.6675,0.6609848484848486,0.66,0.6533333333333333,0.6457575757575759,0.6381818181818181,0.6375,0.6305303030303031,0.6229545454545455,0.6225,0.6225,0.6152272727272727,0.6076515151515152,0.5926515151515152,0.4725
P9bVljfAWS8,transcripts,19aC2GtOgASVjVDTKIO9cESv79T6Le4Sf,736.54,225,136000,0.11,0.068,0.052000000000000005,0.126,0.018000000000000002,0.02,0.055999999999999994,0.111,0.006,0.006999999999999999,150,82,100,1,0.9,2,1,0.12300000000000001,2,2,0.727,3.246162337662338,0.0,0.9200151515151515,1.98,2.667,0.055,140.3332,0.195,0.07200000000000001,0.231,0.084,0.154,0.1,4,0.7862434210526316,0.825,0.5475,1.0,0.9130263157894737,0.915,0.9,0.8921052631578947,0.8751315789473684,0.8581578947368421,0.8613157894736843,0.825,0.8202631578947369,0.825,0.7555263157894738,0.5498684210526315,0.5723684210526317,0.5928947368421054,0.7847368421052631,0.7575,0.75,0.7294736842105263,0.5475,1.0,1.0,0.9994949494949494,0.9738636363636364,0.9365909090909091,0.9146212121212122,0.9070454545454545,0.9,0.9006060606060606,0.9081818181818182,0.915,0.9141666666666667,0.9075,0.9075,0.906439393939394,0.9,0.9,0.9,0.8986363636363636,0.8925,0.8925,0.8909090909090909,0.885,0.885,0.8831818181818182,0.8775,0.875530303030303,0.87,0.87,0.8678030303030304,0.8625,0.8601515151515151,0.855,0.855,0.8524242424242423,0.8501515151515152,0.8577272727272727,0.8568939393939394,0.8446212121212121,0.84,0.8369696969696969,0.8293939393939394,0.825,0.825,0.8216666666666667,0.8175,0.8175,0.821060606060606,0.8213636363636363,0.8212121212121213,0.825,0.825,0.825,0.8209848484848484,0.813409090909091,0.8058333333333334,0.8025,0.7722727272727272,0.7236363636363635,0.691590909090909,0.6324999999999997,0.5907575757575757,0.5615151515151516,0.5570454545454545,0.5382575757575756,0.5446969696969699,0.5650000000000001,0.5801515151515153,0.5643939393939392,0.5654545454545455,0.5646969696969697,0.5786363636363638,0.5795454545454545,0.5940909090909092,0.5775757575757573,0.5870454545454544,0.6212878787878786,0.711666666666666,0.776363636363636,0.7875,0.775378787878788,0.7725,0.7725,0.7599242424242425,0.7574999999999998,0.7575,0.7575,0.750909090909091,0.75,0.75,0.75,0.7431060606060607,0.7425,0.7354545454545455,0.727878787878788,0.7275,0.7202272727272727,0.6832575757575758,0.6602272727272728,0.5475
pfacUo-6wNs,transcripts,1ddvwDtnD3ctXnH8PPLEGKi6zuvbAHl2F,1831.84,582,136000,0.175,0.078,0.09699999999999999,0.066,0.040999999999999995,0.022000000000000002,0.043,0.026000000000000002,0.01,0.02,202,84,100,1,0.9,3,1,0.256,3,5,0.63,2.336604935999673,0.0,0.8069193262877473,5.34,3.9546666666666663,0.11566666666666667,141.59393333333335,0.1895,0.139,0.2815,0.052000000000000005,0.162,0.1,4,0.4650855263157895,0.42,0.33,1.0,0.6205263157894737,0.5471052631578948,0.4886842105263158,0.4875,0.4725,0.48118421052631577,0.45,0.4425,0.4397368421052631,0.42,0.4125,0.4188157894736842,0.3975,0.38250000000000006,0.3821052631578947,0.375,0.375,0.3785526315789475,0.33,1.0,0.9978535353535354,0.7852272727272728,0.6738636363636364,0.6368939393939395,0.6221212121212122,0.6136363636363636,0.591439393939394,0.5762878787878787,0.5618181818181818,0.5534848484848486,0.5316666666666667,0.4640909090909091,0.4584848484848485,0.465,0.4695454545454546,0.495,0.495,0.495,0.495,0.4934848484848485,0.4875,0.4875,0.4857575757575758,0.48,0.47810606060606065,0.4725,0.4724999999999999,0.47250000000000003,0.4768939393939394,0.4829545454545454,0.4771969696969697,0.48022727272727267,0.46499999999999997,0.4624242424242424,0.45484848484848484,0.45000000000000007,0.45,0.45000000000000007,0.45,0.446969696969697,0.4425,0.4425,0.43924242424242427,0.43833333333333335,0.4390909090909091,0.4384848484848485,0.43893939393939396,0.4313636363636364,0.4275,0.4275,0.4236363636363636,0.42,0.4240151515151515,0.42340909090909085,0.42,0.4157575757575757,0.4125,0.4168939393939394,0.415530303030303,0.40795454545454546,0.40962121212121216,0.4171969696969697,0.4152272727272728,0.4076515151515151,0.405,0.405,0.3999242424242424,0.3975000000000001,0.3922727272727272,0.39,0.3846212121212121,0.3825,0.38250000000000006,0.3825,0.3768181818181819,0.38075757575757574,0.3766666666666667,0.38090909090909086,0.3765151515151516,0.38106060606060604,0.3763636363636364,0.375,0.375,0.375,0.3685606060606061,0.3675,0.3806818181818182,0.37583333333333335,0.375,0.3818181818181818,0.3687121212121212,0.3675,0.3675,0.38174242424242427,0.3753030303030303,0.36772727272727274,0.3601515151515151,0.3451515151515151,0.33
PmWIzDuQUQg,transcripts,1a5gUiaRzx1mlMoW5mPA7x8_1B4ChV7he,1873.28,458,136000,0.16899999999999998,0.043,0.126,0.03,0.035,0.005,0.028999999999999998,0.032,0.009,0.002,140,76,100,1,0.9,2,1,0.315,6,4,0.5760000000000001,1.9605702294781242,0.0,0.9085784274205326,4.36,3.236,0.09166666666666666,142.52820000000003,0.1685,0.121,0.267,0.04020000000000001,0.198,0.1,4,0.4669802631578947,0.42,0.315,1.0,0.6690789473684211,0.5842105263157894,0.519078947368421,0.4946052631578947,0.4926315789473684,0.4788157894736842,0.4361842105263158,0.435,0.44447368421052624,0.42,0.4125,0.41131578947368425,0.39,0.3773684210526316,0.3753947368421053,0.36750000000000005,0.36,0.3564473684210525,0.315,1.0,0.9986111111111111,0.8608333333333333,0.7781818181818183,0.7181818181818181,0.6738636363636364,0.6511363636363636,0.629469696969697,0.6225,0.6204545454545455,0.5969696969696969,0.565,0.5222727272727272,0.5054545454545454,0.525,0.5238636363636364,0.5175,0.5200757575757575,0.5270454545454545,0.5025,0.5009848484848485,0.4934090909090909,0.4875,0.4875,0.4875,0.4893939393939394,0.49303030303030304,0.48545454545454547,0.4778787878787879,0.4725,0.47704545454545455,0.4828030303030303,0.4725,0.47500000000000003,0.4696969696969696,0.4473484848484849,0.43977272727272726,0.435,0.43499999999999994,0.435,0.435,0.43500000000000005,0.43499999999999994,0.435,0.435,0.435,0.44196969696969696,0.44287878787878787,0.4386363636363636,0.43878787878787884,0.4312121212121212,0.4236363636363636,0.42,0.42,0.4159090909090909,0.4125,0.4125,0.4125,0.4081060606060606,0.405,0.405,0.40962121212121216,0.4125,0.4077272727272727,0.40015151515151515,0.3975,0.39249999999999996,0.39,0.39,0.4056818181818183,0.396590909090909,0.3846212121212121,0.3825,0.37696969696969695,0.375,0.3806818181818181,0.38250000000000006,0.3825,0.37659090909090914,0.375,0.38106060606060604,0.3763636363636364,0.36878787878787883,0.36749999999999994,0.3675,0.3675,0.3675,0.36090909090909096,0.36,0.36,0.36,0.36,0.36,0.36704545454545456,0.35325757575757577,0.3525,0.3525,0.3525,0.34507575757575754,0.315
porv8WwTSgc,transcripts,1B0xEOttM_JzANVcgXjkxGVNaxBRSbec1,793.96,186,136000,0.13299999999999998,0.087,0.051,0.065,0.063,0.0,0.0,0.047,0.006999999999999999,0.037000000000000005,109,65,100,1,0.95,2,1,0.22399999999999998,8,0,0.6409999999999999,1.7712651727357611,0.0,0.9495798319327732,1.7254901960784315,2.0313725490196077,0.0392156862745098,138.33990196078435,0.14800000000000002,0.0525,0.2125,0.0705,0.147,0.1,4,0.7890263157894737,0.81,0.735,1.0,0.8755263157894737,0.8735526315789474,0.8715789473684211,0.87,0.8676315789473684,0.6931578947368421,0.5688157894736842,0.5747368421052632,0.81,0.81,0.81,0.795,0.7906578947368421,0.7823684210526315,0.7725,0.7649999999999999,0.7575,0.7575,0.735,1.0,1.0,0.9985858585858586,0.9286363636363636,0.8846969696969698,0.8771212121212121,0.8699999999999999,0.870530303030303,0.8781060606060606,0.8843181818181818,0.8767424242424242,0.8708333333333333,0.8775,0.8775,0.8775,0.8763636363636363,0.87,0.87,0.8700000000000001,0.87,0.87,0.87,0.8699999999999999,0.87,0.8718181818181818,0.8756060606060605,0.8680303030303029,0.8625,0.8582575757575758,0.8299242424242423,0.7602272727272725,0.6951515151515152,0.6706060606060604,0.6024999999999998,0.5449242424242424,0.5479545454545456,0.5652272727272727,0.57,0.5872727272727272,0.6120454545454546,0.601439393939394,0.5831818181818182,0.589090909090909,0.615,0.6616666666666664,0.7438636363636363,0.7899242424242423,0.81,0.81,0.81,0.81,0.81,0.81,0.8140151515151515,0.813409090909091,0.81,0.81,0.81,0.8187878787878788,0.8205303030303029,0.8084090909090909,0.7978787878787879,0.795,0.7950000000000002,0.795,0.795,0.795,0.7899242424242423,0.7926515151515152,0.7897727272727273,0.7875,0.7875,0.7874999999999999,0.7819696969696969,0.78,0.78,0.78,0.7741666666666667,0.7725,0.7725,0.7664393939393941,0.765,0.765,0.7650000000000001,0.765,0.758560606060606,0.7575,0.7575,0.7575,0.7575,0.7575,0.7575,0.7575,0.7575,0.7575,0.7503030303030304,0.75,0.75,0.75,0.735
PYMF1TaqpE4,transcripts,11itbpVnqfXmid_Qwd9IBuk8P0gmoKUqj,1727.8,477,136000,0.068,0.033,0.027000000000000003,0.043,0.057,0.005,0.019000000000000003,0.049,0.01,0.002,241,89,100,1,0.9,3,1,0.166,13,3,0.715,2.1128715173715173,0.0,0.9088888596783333,4.58,3.1346190476190476,0.07666666666666667,139.72529523809527,0.155,0.066,0.22650000000000003,0.0375,0.126,0.0,4,0.5711118421052632,0.5502631578947368,0.285,1.0,0.7985526315789473,0.7385526315789473,0.714078947368421,0.5257894736842106,0.6623684210526316,0.6331578947368421,0.615,0.6217105263157895,0.5850000000000001,0.5502631578947368,0.54,0.5313157894736842,0.5068421052631579,0.47723684210526307,0.4503947368421053,0.4275,0.3975,0.3619736842105262,0.285,1.0,0.9988383838383839,0.884090909090909,0.8390909090909091,0.8096969696969698,0.8017424242424241,0.786590909090909,0.7714393939393939,0.7562878787878787,0.7425,0.7417424242424243,0.735,0.7331818181818182,0.72,0.72,0.7188636363636363,0.7088636363636364,0.6874242424242424,0.6722727272727274,0.6312121212121214,0.513030303030303,0.5281818181818182,0.5466666666666666,0.5891666666666666,0.6579545454545455,0.6712121212121213,0.661969696969697,0.6654545454545455,0.6578787878787878,0.6503030303030303,0.6427272727272727,0.6351515151515151,0.6275757575757576,0.6225,0.6225,0.6198484848484849,0.615,0.615,0.6121212121212122,0.6075,0.6105303030303031,0.6181060606060607,0.6193181818181819,0.6117424242424243,0.6041666666666667,0.5931818181818183,0.5850000000000001,0.5850000000000001,0.5813636363636363,0.5737878787878787,0.5662121212121212,0.5586363636363636,0.551060606060606,0.5475,0.543409090909091,0.5358333333333334,0.5367424242424242,0.54,0.5356060606060605,0.5325,0.5370454545454546,0.54,0.5353030303030304,0.5277272727272727,0.525,0.525,0.5149999999999999,0.51,0.5048484848484848,0.5025,0.49719696969696964,0.495,0.48954545454545445,0.47643939393939383,0.4725,0.4725,0.4724999999999999,0.46083333333333343,0.45159090909090915,0.4440151515151516,0.4425,0.4363636363636364,0.435,0.42871212121212127,0.4275,0.4210606060606061,0.4134848484848485,0.405909090909091,0.3983333333333334,0.3975,0.3975,0.3837121212121213,0.37553030303030305,0.3679545454545455,0.3603787878787879,0.36,0.3527272727272727,0.3525,0.33765151515151515,0.285
Q1ZmiQVX9cY,transcripts,1vi81ZvP6bBfKkeR1hy73UJgyGmBp4qsS,1828.02,615,136000,0.09801980198019802,0.033663366336633666,0.030693069306930693,0.031683168316831684,0.03762376237623763,0.01386138613861386,0.0,0.07722772277227723,0.0039603960396039604,0.00891089108910891,118,70,101,1,0.9,2,1,0.17722772277227722,3,1,0.6945544554455446,2.6517624123188637,0.0,0.8537739804997869,4.98,3.3927142857142853,0.07785714285714286,142.32447142857146,0.22871287128712872,0.0797029702970297,0.2811881188118812,0.10693069306930694,0.21782178217821782,0.1,5,0.549875,0.525,0.285,1.0,0.733421052631579,0.705,0.6825000000000001,0.6521052631578947,0.6126315789473684,0.5806578947368422,0.5561842105263158,0.5542105263157895,0.5325,0.525,0.5032894736842105,0.47881578947368425,0.4575,0.44999999999999996,0.435,0.42157894736842105,0.4346052631578947,0.39749999999999996,0.285,1.0,0.9980808080808081,0.8086363636363637,0.7420454545454546,0.7275,0.7286363636363636,0.7490909090909091,0.733939393939394,0.7187878787878788,0.705,0.705,0.7041666666666666,0.696590909090909,0.69,0.688939393939394,0.6825,0.6812878787878788,0.675,0.6722727272727274,0.6585606060606061,0.6525,0.6509090909090909,0.645,0.6467424242424242,0.6488636363636363,0.6318181818181818,0.613030303030303,0.6054545454545455,0.6021212121212122,0.6053030303030303,0.5954545454545455,0.5826515151515153,0.5774999999999999,0.575,0.5674242424242424,0.5625,0.5597727272727273,0.555,0.555,0.5579545454545455,0.5625,0.5593939393939394,0.5518181818181818,0.5475,0.5475,0.5406818181818182,0.5325,0.5325,0.5325,0.5325,0.5287121212121213,0.525,0.525,0.5209848484848485,0.5134090909090909,0.51,0.51,0.5056818181818181,0.5025,0.5025,0.4979545454545454,0.49037878787878786,0.48280303030303034,0.4752272727272727,0.46765151515151515,0.4650000000000001,0.465,0.45992424242424235,0.4575,0.4575,0.4575,0.4521212121212121,0.45000000000000007,0.45,0.45,0.4443181818181819,0.4425,0.43666666666666676,0.435,0.435,0.43499999999999994,0.4288636363636364,0.4275,0.4212121212121212,0.42636363636363633,0.4339393939393939,0.421969696969697,0.4134090909090909,0.42583333333333323,0.4409848484848485,0.4152272727272728,0.40560606060606064,0.405,0.3979545454545455,0.3975,0.3903030303030303,0.38272727272727275,0.36780303030303035,0.3378030303030303,0.285
q607HENWvqY,transcripts,1OJjFcxfjLctuaXhFtaxpLV_qSvxpmiKD,1428.78,412,136000,0.17300000000000001,0.05,0.084,0.022000000000000002,0.005,0.0,0.008,0.07200000000000001,0.003,0.0,187,87,100,1,0.9,3,1,0.11599999999999999,8,0,0.723,3.1351801033856845,0.0,0.7600150868110097,5.490196078431373,3.3647525676937438,0.045284780578898225,136.60650793650794,0.16649999999999998,0.11449999999999999,0.2505,0.1115,0.182,0.1,4,0.648875,0.6477631578947369,0.345,1.0,0.8080263157894737,0.7910526315789473,0.7575,0.7346052631578948,0.6055263157894737,0.5605263157894737,0.705,0.69,0.6975,0.6477631578947369,0.6232894736842106,0.6075,0.6055263157894737,0.5798684210526315,0.5703947368421053,0.5625,0.5514473684210527,0.5344736842105262,0.345,1.0,0.9989141414141414,0.8912878787878787,0.8320454545454546,0.8171969696969696,0.8096212121212122,0.8029545454545455,0.81,0.8093939393939394,0.8018181818181819,0.7942424242424243,0.7866666666666666,0.7790909090909091,0.7715151515151515,0.763939393939394,0.7575,0.7575,0.7562121212121211,0.7486363636363637,0.7425000000000002,0.7409848484848485,0.7334090909090909,0.7275,0.7292424242424242,0.7204545454545455,0.6598484848484849,0.6071212121212122,0.5788636363636364,0.5603787878787879,0.5528030303030304,0.5475,0.5545454545454545,0.6063636363636365,0.6975000000000001,0.7249242424242424,0.7146969696969696,0.705,0.7021969696969697,0.6975,0.6975,0.6975,0.6943939393939393,0.69,0.69,0.69,0.686590909090909,0.689469696969697,0.6975,0.6938636363636363,0.6825757575757576,0.6712121212121211,0.6597727272727272,0.6485606060606061,0.645,0.6409090909090909,0.6333333333333333,0.63,0.6256818181818182,0.6225,0.6225,0.6179545454545454,0.6103787878787879,0.6075,0.6075,0.6075,0.6124242424242425,0.6200000000000001,0.6174242424242424,0.5995454545454545,0.5925,0.5978030303030304,0.5946212121212121,0.5870454545454545,0.5794696969696969,0.5774999999999999,0.5774999999999999,0.5774999999999999,0.5774999999999999,0.571590909090909,0.57,0.57,0.5638636363636365,0.5625,0.5625,0.5625,0.5625,0.5559848484848486,0.555,0.555,0.5482575757575758,0.5475,0.5475,0.540530303030303,0.54,0.5328787878787878,0.5325,0.5179545454545454,0.4807575757575758,0.39090909090909093,0.345
qoqjZR52lOQ,transcripts,17AwRnqDkYsLCt5eY0A5AuY9B0zuHydU9,1502.46,533,136000,0.0712871287128713,0.020792079207920793,0.008910891089108912,0.015841584158415842,0.01881188118811881,0.0009900990099009901,0.0039603960396039604,0.06435643564356436,0.0,0.00693069306930693,104,61,101,1,0.9,2,1,0.10693069306930694,1,0,0.7816831683168317,2.0570000997336635,0.0,0.9170918694275096,3.1176470588235294,2.231185807656396,0.09105268369974252,138.0801447245565,0.18316831683168316,0.07029702970297029,0.22524752475247525,0.11782178217821783,0.15841584158415842,0.0,4,0.6293355263157895,0.6225,0.285,1.0,0.7610526315789474,0.7614473684210527,0.7365789473684211,0.7121052631578947,0.6951315789473684,0.66,0.6536842105263158,0.6375,0.6225,0.6225,0.6,0.5861842105263159,0.5774999999999999,0.6094736842105262,0.5553947368421053,0.54,0.5325,0.4381578947368414,0.285,1.0,0.9986111111111111,0.8612878787878788,0.8018181818181818,0.7793939393939394,0.7642424242424243,0.7495454545454545,0.743030303030303,0.75,0.7506818181818182,0.7582575757575757,0.765,0.7659090909090909,0.7715151515151515,0.7618181818181818,0.7413636363636363,0.7362121212121212,0.7437878787878789,0.7486363636363637,0.7396212121212122,0.7244696969696971,0.7109090909090909,0.7033333333333334,0.6957575757575758,0.69,0.6918939393939394,0.695530303030303,0.6859090909090909,0.6728787878787879,0.6675,0.6652272727272728,0.66,0.6624242424242425,0.6675,0.6700757575757575,0.6696969696969697,0.6572727272727272,0.6525,0.6496212121212122,0.6420454545454546,0.6375,0.6375,0.6375,0.6342424242424243,0.63,0.6334090909090908,0.6305303030303031,0.6225,0.6188636363636364,0.6112878787878788,0.6112878787878788,0.6188636363636364,0.6225,0.614469696969697,0.6075,0.6075,0.6032575757575758,0.6,0.6,0.604469696969697,0.6029545454545454,0.5907575757575757,0.5850000000000001,0.5897727272727273,0.5876515151515151,0.5800757575757575,0.5825,0.5799242424242423,0.5774999999999999,0.5774999999999999,0.5774999999999999,0.5936363636363637,0.621818181818182,0.6078787878787877,0.5775757575757573,0.5643181818181818,0.5567424242424244,0.5608333333333333,0.5565909090909091,0.555,0.555,0.5611363636363635,0.5562878787878789,0.5424242424242425,0.54,0.54,0.54,0.54,0.5333333333333333,0.5325,0.5325,0.5462878787878787,0.5265909090909092,0.510909090909091,0.41742424242424253,0.3621212121212122,0.3381818181818182,0.3228030303030303,0.3076515151515152,0.285
RhVq2oJpsEY,transcripts,1MfW3FzujP05xaWHkLXvwJ0vD2lGR48j3,1372.8,559,136000,0.048,0.015,0.002,0.02,0.01,0.004,0.013999999999999999,0.057999999999999996,0.002,0.002,102,66,100,1,0.9,3,1,0.136,4,0,0.737,2.2331197540562866,0.0,0.9062003613861199,3.2549019607843137,1.74562077356195,0.011484593837535015,141.58853613162438,0.16,0.0645,0.23800000000000002,0.086,0.15,0.1,4,0.7136907894736841,0.7022368421052632,0.3825,1.0,0.855,0.84,0.825,0.8167105263157894,0.7243421052631578,0.7681578947368422,0.7436842105263158,0.7275,0.7125,0.7022368421052632,0.6931578947368422,0.6876315789473685,0.6675,0.6525,0.6528947368421053,0.6240789473684212,0.6039473684210527,0.5944736842105263,0.3825,1.0,0.9992929292929293,0.928939393939394,0.8770454545454545,0.8621969696969697,0.855,0.8545454545454545,0.8475,0.8468939393939394,0.84,0.84,0.8391666666666666,0.8325,0.8315151515151515,0.825,0.825,0.8237878787878787,0.8175,0.8174999999999999,0.8160606060606062,0.8115151515151515,0.8143181818181818,0.8008333333333334,0.7915151515151515,0.7618181818181818,0.7068939393939393,0.7223484848484849,0.7561363636363636,0.7746212121212122,0.7909848484848486,0.8038636363636363,0.7701515151515151,0.7625757575757576,0.755,0.75,0.75,0.7472727272727273,0.7425,0.7396212121212121,0.7320454545454546,0.7275,0.7275,0.7275,0.7307575757575757,0.7316666666666667,0.7206818181818182,0.7125,0.7125,0.7088636363636364,0.705,0.705,0.7011363636363637,0.7014393939393939,0.7009848484848484,0.6934090909090909,0.69,0.706969696969697,0.7027272727272726,0.6812121212121212,0.675,0.675,0.6796212121212122,0.6871969696969696,0.6804545454545455,0.6701515151515152,0.6724242424242425,0.675,0.6699242424242424,0.6675,0.6622727272727272,0.66,0.654621212121212,0.6525,0.6525,0.6468939393939394,0.645,0.6507575757575756,0.6583333333333333,0.6540909090909092,0.6405303030303031,0.6314393939393941,0.63,0.6237878787878789,0.6225,0.6288636363636364,0.6557575757575757,0.6274242424242426,0.6093181818181819,0.6075,0.6007575757575757,0.6,0.6,0.6,0.6,0.5928787878787879,0.5925,0.5852272727272728,0.5335606060606061,0.4434090909090909,0.3825
rJxhpVu7BhU,transcripts,1g7jV06wtwp5s4ojU1OssFQ1schushzd5,1144.44,299,136000,0.04257425742574257,0.05247524752475247,0.010891089108910892,0.0297029702970297,0.020792079207920793,0.0,0.008910891089108912,0.07623762376237624,0.005940594059405941,0.01386138613861386,180,91,101,1,0.9,3,1,0.22970297029702968,13,3,0.6534653465346535,2.237555273227282,0.0,0.7457217236583472,4.235294117647059,3.7349673202614375,0.15359477124183005,136.12522875816995,0.1673267326732673,0.01930693069306931,0.21287128712871287,0.036138613861386136,0.1099009900990099,0.1,5,0.71975,0.7125,0.42,1.0,0.849078947368421,0.8360526315789474,0.819078947368421,0.6856578947368422,0.78,0.7725,0.7725,0.7425,0.7275,0.7125,0.6907894736842105,0.6975,0.675,0.66,0.6528947368421053,0.645,0.6414473684210527,0.615,0.42,1.0,0.9998989898989898,0.9883333333333333,0.9065909090909091,0.8765909090909091,0.8538636363636364,0.8325,0.8325,0.8331060606060606,0.84,0.8392424242424242,0.8325,0.8334090909090909,0.838030303030303,0.825,0.8238636363636362,0.8150757575757576,0.7780303030303028,0.6518181818181817,0.6207575757575757,0.6525757575757575,0.6952272727272727,0.7558333333333334,0.8007575757575758,0.7931818181818182,0.7856060606060605,0.78,0.7779545454545455,0.7725,0.7725,0.7725,0.7725,0.7725,0.7725,0.7725,0.7725,0.7725,0.7696969696969697,0.7621212121212121,0.7693181818181817,0.769318181818182,0.7425,0.7425,0.7425,0.7391666666666667,0.7315909090909091,0.7275,0.7275,0.7275,0.7200757575757576,0.7125,0.7125,0.7125,0.7084848484848485,0.705,0.7008333333333333,0.6975,0.6931818181818181,0.69,0.69,0.69,0.69,0.6946969696969696,0.6975,0.6926515151515151,0.69,0.6849999999999999,0.6774242424242424,0.675,0.6697727272727272,0.6675,0.6675,0.6620454545454546,0.66,0.66,0.66,0.6600000000000001,0.66,0.6540909090909092,0.6524999999999999,0.6525,0.6463636363636364,0.645,0.645,0.645,0.645,0.645,0.645,0.645,0.6382575757575757,0.6306818181818182,0.63,0.623030303030303,0.6154545454545455,0.615,0.6078030303030304,0.6002272727272727,0.5853030303030303,0.5256060606060606,0.42
RkwsqGM4_DE,transcripts,1B_X6EgcjC85XnIDI4SgPNMZuxJ5peNF-,669.44,137,136000,0.025742574257425745,0.02178217821782178,0.00693069306930693,0.011881188118811881,0.0049504950495049506,0.0,0.007920792079207921,0.05247524752475247,0.0049504950495049506,0.0029702970297029703,85,61,101,1,0.9,2,1,0.1594059405940594,7,0,0.704950495049505,2.0458761282290694,0.0,0.8709150326797385,1.4901960784313726,2.0254901960784313,0.13398692810457516,129.71607843137255,0.15445544554455445,0.03663366336633664,0.19950495049504952,0.04702970297029703,0.1217821782178218,0.1,5,0.7723486842105263,0.7677631578947368,0.6075,1.0,0.8625,0.8289473684210527,0.8131578947368422,0.7871052631578948,0.8151315789473685,0.8206578947368421,0.795,0.7942105263157895,0.7725,0.7677631578947368,0.7567105263157894,0.7413157894736843,0.7243421052631579,0.7251315789473685,0.72,0.7125,0.705,0.6975,0.6075,1.0,0.9998232323232323,0.9809848484848485,0.9065909090909091,0.8768939393939394,0.8625,0.8620454545454546,0.854469696969697,0.8468939393939394,0.8386363636363635,0.8257575757575757,0.8325,0.831590909090909,0.8259848484848484,0.8314393939393939,0.8227272727272726,0.8087878787878788,0.8025,0.8052272727272727,0.8103030303030304,0.7815151515151515,0.7859090909090909,0.7866666666666667,0.8117424242424243,0.8175,0.8175,0.8155303030303032,0.81,0.81,0.8121969696969698,0.8197727272727273,0.8226515151515151,0.8150757575757576,0.81,0.81,0.8046969696969697,0.7950000000000002,0.795,0.7978787878787879,0.8025,0.799469696969697,0.795,0.7918181818181819,0.7875,0.7841666666666667,0.78,0.7765151515151516,0.7725,0.7725,0.7725,0.7725,0.7725,0.768560606060606,0.765,0.765,0.765,0.7565151515151515,0.7543181818181819,0.7531060606060606,0.75,0.7454545454545455,0.7425,0.7425,0.7377272727272728,0.735,0.735,0.73,0.7275,0.7223484848484848,0.72,0.72,0.72,0.72,0.7255303030303031,0.7218939393939393,0.72,0.72,0.72,0.72,0.72,0.72,0.7138636363636365,0.7125,0.7125,0.7125,0.7125,0.7125,0.7059090909090909,0.705,0.705,0.6981818181818181,0.6975,0.6975,0.6975,0.6975,0.6903030303030302,0.69,0.69,0.6825757575757576,0.6075
S_o49-nmh5w,transcripts,1BDR-3CLtTnwaWVKBMKoAd0TtRN1iUC7p,690.16,116,136000,0.2099009900990099,0.11386138613861387,0.1316831683168317,0.0,0.0029702970297029703,0.00693069306930693,0.011881188118811881,0.047524752475247525,0.023762376237623763,0.0,147,79,101,1,0.9,2,1,0.394059405940594,6,7,0.5386138613861386,1.2527544351073763,0.0,0.8970588235294118,1.607843137254902,1.6339869281045751,0.10784313725490197,130.22503267973858,0.08712871287128714,0.15346534653465346,0.19801980198019803,0.02277227722772277,0.17920792079207923,0.1,4,0.7075131578947368,0.7002631578947369,0.4725,1.0,0.8585526315789473,0.7875,0.78,0.7571052631578947,0.7425,0.7381578947368421,0.72,0.7125,0.705,0.7002631578947369,0.675,0.66,0.6568421052631579,0.66,0.6453947368421052,0.6375,0.6264473684210526,0.615,0.4725,1.0,1.0,0.9987373737373737,0.9361363636363637,0.8912878787878789,0.8617424242424243,0.8465909090909092,0.8309090909090909,0.8087878787878788,0.7943181818181818,0.7875,0.7866666666666666,0.78,0.78,0.78,0.78,0.7787878787878788,0.7712121212121211,0.7649999999999999,0.7635606060606062,0.7575,0.7559090909090909,0.75,0.75,0.75,0.7481060606060606,0.7425,0.7425,0.7403787878787879,0.7371969696969697,0.7425000000000002,0.7401515151515152,0.7325757575757575,0.7275,0.7249242424242424,0.72,0.72,0.7171969696969697,0.7153787878787878,0.7170454545454545,0.7125,0.7125,0.7125,0.7125,0.7125,0.7090909090909091,0.705,0.705,0.705,0.705,0.705,0.705,0.701060606060606,0.6934848484848484,0.6859090909090908,0.6783333333333333,0.675,0.675,0.6706060606060606,0.6675,0.6675,0.6628787878787878,0.66,0.66,0.66,0.66,0.66,0.66,0.6548484848484848,0.6525,0.6525,0.6525,0.6579545454545456,0.66,0.6543939393939393,0.6581818181818182,0.6542424242424243,0.6525,0.6465909090909091,0.645,0.645,0.645,0.6387878787878788,0.6375,0.6375,0.6310606060606061,0.63,0.63,0.63,0.6232575757575759,0.6225,0.6156060606060606,0.615,0.615,0.615,0.6078030303030304,0.6075,0.5781060606060605,0.5106818181818181,0.4725
Sf95qeC7BUs,transcripts,10-dp437h-7tuXxqZfu7az9fwJJn_zOUL,1919.2,813,136000,0.08199999999999999,0.012,0.02,0.062,0.042,0.003,0.017,0.039,0.027999999999999997,0.003,99,58,100,1,0.95,3,1,0.149,6,1,0.7234999999999999,2.1345091297591297,0.0,0.9245153457653457,3.74,2.211325396825397,0.07422222222222223,143.86027698412698,0.20149999999999998,0.106,0.293,0.114,0.20149999999999998,0.2,5,0.657203947368421,0.6607894736842106,0.495,1.0,0.8025,0.6627631578947366,0.555,0.7661842105263158,0.7101315789473684,0.7061842105263159,0.6698684210526314,0.654078947368421,0.6477631578947369,0.6607894736842106,0.6524999999999999,0.6276315789473684,0.6011842105263159,0.602763157894737,0.6205263157894736,0.5818421052631578,0.5853947368421053,0.5419736842105263,0.495,1.0,0.9982323232323232,0.823939393939394,0.7720454545454545,0.7593181818181818,0.8025,0.8015909090909091,0.7896212121212121,0.8162878787878788,0.798409090909091,0.7393181818181819,0.5741666666666665,0.5493181818181818,0.5625,0.5614393939393939,0.555,0.5743939393939396,0.6865909090909093,0.7493181818181819,0.7929545454545454,0.8308333333333335,0.7697727272727273,0.7791666666666667,0.7447727272727273,0.7238636363636365,0.7125000000000001,0.7105303030303031,0.7029545454545454,0.6953787878787878,0.6965909090909091,0.7079545454545455,0.7021969696969697,0.7052272727272727,0.6875,0.6876515151515152,0.6921969696969696,0.6770454545454545,0.6675,0.6818939393939392,0.6902272727272728,0.6614393939393939,0.6525,0.6588636363636363,0.6609848484848484,0.6525,0.6490909090909092,0.645,0.6485606060606061,0.6525,0.6821969696969696,0.7087121212121212,0.6895454545454546,0.6631818181818181,0.6525,0.6443181818181818,0.6291666666666667,0.639469696969697,0.6525,0.6393181818181817,0.6210606060606061,0.6104545454545455,0.6075,0.621590909090909,0.6204545454545455,0.6053030303030302,0.6,0.6,0.6050757575757577,0.5971969696969697,0.5872727272727273,0.6115151515151518,0.6171212121212121,0.5986363636363635,0.6035606060606062,0.6075,0.6075,0.5959848484848487,0.5866666666666668,0.6145454545454544,0.6045454545454547,0.593939393939394,0.5802272727272727,0.5961363636363635,0.5874242424242425,0.5722727272727273,0.57,0.5895454545454545,0.5925,0.5925,0.5790151515151515,0.5979545454545453,0.5655303030303032,0.5625,0.548409090909091,0.540378787878788,0.54,0.5327272727272727,0.5325,0.5176515151515151,0.495
sujXtr4AVRU,transcripts,1WcvAqNqrhY_-tCWRe5rEUqLhF0erS8NY,1217.0,505,136000,0.11683168316831682,0.048514851485148516,0.07326732673267328,0.06336633663366337,0.046534653465346534,0.010891089108910892,0.011881188118811881,0.05841584158415841,0.031683168316831684,0.02277227722772277,112,68,101,1,0.95,3,1,0.1495049504950495,3,1,0.7178217821782178,2.34273044973737,0.0,0.8116222557399028,4.117647058823529,3.5088235294117647,0.09477124183006536,136.41921568627453,0.16435643564356436,0.09207920792079209,0.24455445544554455,0.07425742574257425,0.17425742574257425,0.0,5,0.7571118421052632,0.7725,0.4125,1.0,0.8755263157894737,0.8660526315789474,0.7385526315789475,0.6742105263157895,0.7910526315789472,0.8175,0.8048684210526316,0.8084210526315789,0.7875,0.7725,0.7657894736842106,0.75,0.7425,0.7275,0.7203947368421053,0.7109210526315789,0.7014473684210526,0.675,0.4125,1.0,0.999520202020202,0.9514393939393939,0.8995454545454545,0.8846969696969698,0.8771212121212121,0.8709090909090909,0.8855303030303031,0.8912878787878787,0.8768181818181817,0.8692424242424241,0.8616666666666667,0.8540909090909091,0.8435606060606061,0.8121969696969698,0.7720454545454546,0.7178030303030303,0.6675,0.6702272727272727,0.6839393939393938,0.686969696969697,0.6718181818181819,0.665,0.6859848484848484,0.7011363636363637,0.7257575757575758,0.7866666666666667,0.8454545454545455,0.8378787878787879,0.8281060606060606,0.8175000000000001,0.8175,0.8199242424242424,0.8275,0.8325,0.8271969696969697,0.8120454545454545,0.7996969696969698,0.795,0.795,0.801060606060606,0.81,0.8036363636363637,0.7917424242424242,0.7875,0.7909090909090909,0.7915151515151515,0.7875,0.7802272727272728,0.7725,0.7725,0.7725,0.7725,0.7725,0.7725,0.7725,0.7725,0.7681818181818181,0.765,0.760530303030303,0.7575,0.7575,0.7528030303030303,0.75,0.7451515151515151,0.7425,0.7425,0.7424999999999999,0.7425,0.7425,0.7318939393939394,0.7275,0.7275,0.7275,0.7218939393939393,0.7256818181818181,0.7332575757575757,0.7291666666666667,0.7215909090909092,0.72,0.72,0.72,0.7137878787878789,0.7125,0.7061363636363637,0.6985606060606061,0.7105303030303031,0.699318181818182,0.7041666666666666,0.6982575757575759,0.6906818181818182,0.69,0.683030303030303,0.6754545454545454,0.675,0.6678030303030302,0.6675,0.6528030303030303,0.4891666666666667,0.4125
szF7osJgt-A,transcripts,1JliIvSF7Lfns0msmvOYaKnd4hCwp6lXo,649.4799999999999,87,136000,0.124,0.05,0.026000000000000002,0.096,0.023,0.012999999999999998,0.018000000000000002,0.07,0.040999999999999995,0.0,152,78,100,1,0.95,3,1,0.152,6,1,0.706,2.025015873015873,0.0,0.7991904761904762,2.32,2.465,0.12,137.6611,0.1475,0.087,0.23800000000000002,0.053,0.142,0.1,5,0.7600131578947369,0.822236842105263,0.5475,1.0,0.8905263157894736,0.8660526315789474,0.5794736842105263,0.5715789473684211,0.6398684210526315,0.8293421052631579,0.8238157894736842,0.825,0.8175000000000001,0.822236842105263,0.7875,0.765,0.765,0.7523684210526316,0.7425,0.7350000000000001,0.7275,0.7125,0.5475,1.0,1.0,0.9991919191919192,0.9586363636363636,0.9140909090909091,0.892121212121212,0.8845454545454545,0.876969696969697,0.8693939393939394,0.8631818181818182,0.8692424242424241,0.8600000000000001,0.8372727272727273,0.8106060606060606,0.7437878787878788,0.608181818181818,0.5687878787878787,0.5586363636363636,0.54,0.5443181818181818,0.5640151515151515,0.5763636363636363,0.5966666666666667,0.5867424242424243,0.5906818181818182,0.5982575757575759,0.6394696969696969,0.6654545454545455,0.7454545454545456,0.81,0.8145454545454546,0.8273484848484849,0.8300757575757576,0.8225,0.8200757575757576,0.8223484848484848,0.8202272727272728,0.825,0.825,0.825,0.825,0.825,0.825,0.825,0.825,0.821590909090909,0.8175,0.8175,0.8175,0.8175,0.8137121212121212,0.8138636363636365,0.8214393939393939,0.8209848484848484,0.8093181818181818,0.7941666666666667,0.7875,0.7875,0.7831060606060607,0.78,0.78,0.7753787878787879,0.7678030303030303,0.765,0.765,0.7649999999999999,0.7650000000000001,0.765,0.765,0.7649999999999999,0.765,0.759621212121212,0.7575,0.751969696969697,0.75,0.75,0.7442424242424244,0.7425,0.7425,0.7425,0.736439393939394,0.735,0.735,0.7349999999999999,0.735,0.735,0.735,0.728409090909091,0.7275,0.7275,0.7275,0.7206060606060606,0.72,0.7129545454545455,0.7125,0.7053030303030302,0.705,0.6903030303030302,0.6528787878787878,0.5475
U8e1Pd7aBLY,transcripts,185Li4MWB1KPfrzlWX0PLVVo8A_xdxX5I,910.6,275,136000,0.12673267326732673,0.04455445544554455,0.060396039603960394,0.011881188118811881,0.0,0.0,0.0019801980198019802,0.07326732673267326,0.008910891089108912,0.0039603960396039604,100,62,101,1,0.9,2,1,0.15643564356435644,8,1,0.7034653465346534,1.393580765639589,0.0,0.9575163398692811,1.5098039215686274,2.100653594771242,0.04738562091503268,138.2498366013072,0.13564356435643563,0.10742574257425742,0.23415841584158417,0.04306930693069307,0.19504950495049506,0.1,4,0.7783881578947368,0.7752631578947369,0.555,1.0,0.9296052631578947,0.885,0.8506578947368422,0.84,0.84,0.8206578947368421,0.795,0.8151315789473683,0.765,0.7752631578947369,0.7598684210526316,0.7539473684210526,0.7492105263157895,0.7125,0.6975,0.69,0.6789473684210526,0.6544736842105262,0.555,1.0,1.0,1.0,0.9987878787878788,0.959090909090909,0.9359848484848485,0.9065909090909091,0.8919696969696969,0.8856060606060606,0.8918181818181818,0.885,0.8833333333333334,0.8709090909090909,0.8765151515151515,0.8689393939393939,0.8602272727272728,0.8475,0.8462121212121213,0.8413636363636364,0.8475,0.8459848484848486,0.8400000000000001,0.84,0.8434848484848484,0.855,0.8512121212121212,0.84,0.8399999999999999,0.8442424242424242,0.8571969696969697,0.8511363636363636,0.8226515151515151,0.8150757575757576,0.81,0.8074242424242425,0.7998484848484848,0.7950000000000002,0.795,0.7921212121212121,0.7904545454545454,0.8040909090909091,0.8175,0.8079545454545455,0.795,0.785,0.769090909090909,0.765,0.765,0.7722727272727272,0.7948484848484849,0.7986363636363636,0.7836363636363637,0.7760606060606061,0.7684848484848485,0.765,0.7733333333333334,0.78,0.7670454545454546,0.7618939393939395,0.760530303030303,0.7484090909090909,0.7517424242424243,0.7575,0.7431818181818182,0.735,0.735,0.7500000000000001,0.7625757575757577,0.739242424242424,0.7222727272727272,0.72,0.7146212121212121,0.7125000000000001,0.7125,0.7068939393939393,0.705,0.7049999999999998,0.6991666666666667,0.6975,0.6975,0.6975,0.6913636363636363,0.69,0.69,0.69,0.6964393939393939,0.7300757575757575,0.728409090909091,0.6875000000000001,0.6757575757575758,0.6681818181818181,0.6675,0.6605303030303031,0.66,0.652878787878788,0.6525,0.6525,0.6525,0.5931060606060606,0.555
v_puTGCZjnA,transcripts,1wMmzsSeCLgIlhCMf_NEMkepdngt9c8fO,1545.64,339,136000,0.026000000000000002,0.048999999999999995,0.003,0.011000000000000001,0.026999999999999996,0.0,0.006,0.036000000000000004,0.0,0.005,137,69,100,1,0.9,3,1,0.257,27,3,0.629,1.9537547739204841,0.0,0.8957519767017615,5.04,3.3313722943722945,0.12638095238095237,139.46951601731604,0.16449999999999998,0.0375,0.2245,0.026000000000000002,0.11,0.1,5,0.6391052631578947,0.6177631578947369,0.435,1.0,0.7638157894736841,0.675,0.765,0.7732894736842105,0.7476315789473684,0.72,0.69,0.6600000000000001,0.6375,0.6177631578947369,0.6007894736842105,0.5763157894736841,0.565657894736842,0.5348684210526315,0.525,0.51,0.5025,0.4819736842105262,0.435,1.0,0.9990656565656566,0.906439393939394,0.8540909090909091,0.8234848484848485,0.7829545454545455,0.6956818181818182,0.668030303030303,0.6756060606060607,0.6818181818181819,0.675,0.6825,0.7461363636363636,0.7715151515151515,0.7650000000000001,0.765,0.765,0.765,0.7663636363636364,0.7725,0.7725,0.7756818181818181,0.7875,0.780530303030303,0.7575,0.7556060606060606,0.748030303030303,0.7404545454545455,0.735,0.735,0.7304545454545454,0.72,0.7175757575757575,0.71,0.7024242424242424,0.6948484848484848,0.69,0.6871969696969696,0.6796212121212122,0.6720454545454546,0.6675,0.6643939393939394,0.66,0.6697727272727272,0.6658333333333335,0.6415909090909091,0.6375,0.6375,0.6338636363636363,0.63,0.6262121212121212,0.6225,0.618560606060606,0.615,0.610909090909091,0.6075,0.6075,0.6031818181818182,0.5956060606060606,0.5925,0.5879545454545454,0.5850000000000001,0.5803030303030303,0.5727272727272726,0.5651515151515151,0.5625,0.5575,0.5600757575757576,0.5676515151515151,0.5543181818181817,0.5475,0.5421212121212121,0.54,0.5344696969696969,0.5325,0.5268181818181819,0.525,0.525,0.525,0.5190151515151515,0.5175,0.5175,0.5112878787878788,0.51,0.51,0.51,0.5165151515151515,0.524090909090909,0.505,0.5025,0.4956818181818182,0.495,0.48803030303030304,0.4875,0.48037878787878785,0.48,0.4727272727272727,0.4578030303030303,0.4500757575757576,0.435
vopiJ3KKT-k,transcripts,17H9w9zIk785LE9ILkh2UTdF-1-5a84AQ,330.0,129,136000,0.073,0.023,0.022000000000000002,0.0,0.002,0.006999999999999999,0.0,0.015,0.039,0.003,26,23,100,0,0.9,0,0,0.033,0,0,0.8540000000000001,1.1740000000000002,0.0,0.5666666666666667,0.42,1.0633333333333332,0.04,86.20286666666667,0.146,0.091,0.187,0.1286,0.22,0.0,5,0.5449605263157895,0.5656578947368422,0.2475,1.0,0.5925,0.66,0.66,0.6031578947368422,0.5040789473684211,0.5846052631578947,0.5909210526315789,0.5735526315789473,0.5656578947368422,0.5656578947368422,0.5325,0.5482894736842105,0.4725,0.43697368421052635,0.405,0.4725,0.47250000000000003,0.4113157894736844,0.2475,1.0,0.81,0.66,0.69,0.6225,0.5925,0.5925,0.6225,0.69,0.66,0.66,0.66,0.66,0.66,0.66,0.66,0.66,0.66,0.66,0.66,0.66,0.5925,0.5925,0.5925,0.5925,0.5025,0.5025,0.5325,0.5325,0.5325,0.5325,0.5925,0.5625,0.5025,0.5025,0.5025,0.5625,0.6225,0.5325,0.5325,0.5325,0.5325,0.5925,0.5925,0.5925,0.5625,0.5925,0.5625,0.5325,0.5325,0.5325,0.5325,0.5625,0.5925,0.5925,0.5325,0.5625,0.5325,0.5325,0.5625,0.66,0.5925,0.5325,0.5625,0.5625,0.5025,0.5025,0.4725,0.4725,0.435,0.4725,0.4725,0.4725,0.435,0.435,0.435,0.435,0.435,0.405,0.405,0.405,0.435,0.435,0.4725,0.4725,0.4725,0.4725,0.5025,0.4725,0.4725,0.435,0.405,0.435,0.435,0.405,0.405,0.405,0.375,0.345,0.2475
vVZDZxRRXDI,transcripts,1qdFkk4mgNOnGrZ7bhszjEPGNAkws9-_D,1330.04,318,136000,0.04,0.038,0.02,0.048,0.037000000000000005,0.006,0.012,0.065,0.006999999999999999,0.013000000000000001,132,67,100,1,0.9,3,1,0.317,5,1,0.581,1.799492784992785,0.0,0.9571428571428571,1.92,2.1896666666666667,0.11,138.01903333333334,0.14700000000000002,0.018500000000000003,0.21600000000000003,0.0475,0.087,0.1,4,0.6990263157894737,0.6975,0.345,1.0,0.8325,0.8396052631578947,0.81,0.7093421052631578,0.6722368421052631,0.7555263157894737,0.7575,0.7381578947368422,0.7125,0.6975,0.69,0.6813157894736843,0.6813157894736842,0.645,0.63,0.6134210526315789,0.5996052631578948,0.57,0.345,1.0,0.9992929292929293,0.9287878787878788,0.8693181818181818,0.8468939393939394,0.8325,0.8320454545454545,0.8244696969696969,0.8187121212121212,0.8338636363636364,0.8459848484848486,0.8316666666666667,0.8240909090909091,0.8175,0.816439393939394,0.81,0.81,0.8087121212121213,0.8025,0.801060606060606,0.7783333333333335,0.6997727272727274,0.6541666666666667,0.6617424242424242,0.6675,0.6675,0.6714393939393939,0.6845454545454546,0.6921212121212121,0.7018939393939394,0.7215909090909092,0.7495454545454545,0.765,0.7625,0.7600757575757575,0.7623484848484848,0.7575,0.7546969696969696,0.75,0.7470454545454546,0.7425,0.7393939393939395,0.7477272727272727,0.7487121212121213,0.7241666666666666,0.72,0.7165151515151515,0.7125,0.7125,0.7125,0.7087121212121212,0.7011363636363637,0.6975,0.6975,0.6975,0.6975,0.6932575757575756,0.69,0.69,0.69,0.69,0.6853787878787878,0.6825,0.6777272727272727,0.675,0.675,0.68,0.6774242424242424,0.6853030303030303,0.669090909090909,0.6546969696969697,0.6471212121212121,0.645,0.645,0.645,0.6393181818181819,0.6317424242424243,0.63,0.63,0.6240151515151516,0.6225,0.6225,0.6162878787878788,0.615,0.6086363636363636,0.6075,0.6009848484848485,0.5934090909090909,0.5925,0.6059848484848486,0.5870454545454548,0.5781060606060605,0.570530303030303,0.57,0.57,0.5628030303030304,0.5479545454545455,0.4813636363636364,0.39090909090909093,0.345
VYsqc9S5b9E,transcripts,11S3796fAE9C7wtY07dKJr8mhXL_zhC0c,867.66,232,136000,0.03,0.024,0.012,0.062,0.026000000000000002,0.002,0.006,0.08,0.038,0.01,98,60,100,1,0.95,3,1,0.17600000000000002,3,0,0.6679999999999999,2.021407647907648,0.0,0.9009999999999999,1.54,1.6873333333333331,0.07,132.80266666666668,0.159,0.043,0.2275,0.045,0.11900000000000001,0.3,4,0.6876184210526316,0.6975,0.345,1.0,0.8601315789473684,0.855,0.841578947368421,0.81,0.7851315789473684,0.7725,0.7298684210526315,0.47013157894736834,0.5013157894736844,0.6975,0.6817105263157894,0.66,0.6525,0.6576315789473685,0.63,0.6209210526315789,0.6039473684210527,0.5774999999999999,0.345,1.0,0.9998232323232323,0.9806818181818182,0.8915909090909091,0.8628030303030303,0.8681060606060607,0.8329545454545455,0.8405303030303031,0.8475,0.8481818181818183,0.855,0.855,0.855909090909091,0.8615151515151516,0.8539393939393939,0.8463636363636363,0.84,0.8374242424242423,0.8236363636363635,0.8175,0.8159848484848485,0.81,0.81,0.8082575757575758,0.7988636363636363,0.7874999999999999,0.785530303030303,0.7779545454545455,0.7746212121212122,0.78,0.7777272727272727,0.7725,0.7700757575757575,0.7625,0.7549242424242424,0.7473484848484848,0.7370454545454546,0.7218939393939394,0.7038636363636364,0.6722727272727274,0.5813636363636367,0.4812878787878788,0.4629545454545455,0.4662878787878787,0.49083333333333334,0.49840909090909086,0.495530303030303,0.5053030303030303,0.5540909090909091,0.6184090909090909,0.6752272727272728,0.6975,0.6975,0.6934848484848484,0.69,0.6858333333333333,0.6782575757575757,0.6793181818181819,0.6825,0.678030303030303,0.6704545454545454,0.6675,0.6628030303030303,0.66,0.66,0.6550757575757575,0.6525,0.6525,0.6525,0.6472727272727272,0.645,0.645,0.6504545454545454,0.6580303030303031,0.6487878787878787,0.6393181818181819,0.6375,0.6316666666666667,0.63,0.63,0.623939393939394,0.6286363636363635,0.6237878787878789,0.6225,0.6161363636363637,0.615,0.615,0.615,0.6083333333333334,0.6007575757575757,0.6,0.5931060606060607,0.5925,0.5784090909090908,0.5774999999999999,0.5703030303030302,0.57,0.5626515151515151,0.45113636363636367,0.345
VYYzb9KHawI,transcripts,1F8htuy5oPXAT02q9lZRgHPhw04zy-4mR,580.0,144,136000,0.037,0.017,0.002,0.1295,0.025999999999999995,0.0,0.0,0.054000000000000006,0.003,0.014000000000000002,114,71,100,1,0.9,3,1,0.198,4,1,0.672,2.224857142857143,0.0,0.8959999999999999,1.28,2.0566666666666666,0.06,132.32253333333335,0.128,0.021,0.17600000000000002,0.0545,0.11599999999999999,0.0,5,0.72725,0.75,0.42,1.0,0.8980263157894737,0.87,0.6197368421052631,0.6367105263157895,0.6426315789473684,0.8230263157894737,0.8325,0.8092105263157895,0.7772368421052631,0.75,0.7417105263157895,0.7275,0.7018421052631578,0.69,0.6678947368421053,0.66,0.645,0.6319736842105262,0.42,1.0,1.0,0.9994949494949494,0.9734090909090909,0.9215909090909091,0.8996212121212122,0.891590909090909,0.876969696969697,0.8706060606060606,0.8768181818181817,0.8699999999999999,0.8674999999999999,0.8429545454545455,0.8040909090909091,0.746969696969697,0.634090909090909,0.6113636363636363,0.5925,0.5884090909090909,0.5757575757575757,0.6075757575757574,0.6343181818181818,0.6275000000000001,0.645,0.645,0.645,0.6430303030303031,0.6518181818181819,0.7006060606060606,0.7472727272727273,0.7995454545454547,0.8170454545454546,0.8325,0.8325,0.8325,0.8325,0.8325,0.8296969696969697,0.825,0.825,0.821969696969697,0.8143939393939394,0.8068181818181819,0.7992424242424243,0.7916666666666667,0.7875,0.7840151515151514,0.7764393939393939,0.7688636363636363,0.7612878787878787,0.7575,0.7536363636363637,0.75,0.75,0.75,0.7458333333333333,0.7382575757575758,0.7393181818181818,0.7425,0.7425,0.7379545454545454,0.7303787878787878,0.7275,0.7275,0.7226515151515152,0.7150757575757576,0.7074999999999999,0.705,0.6998484848484847,0.6975,0.6975,0.692121212121212,0.69,0.69,0.6843939393939393,0.6825,0.6767424242424243,0.675,0.6690909090909092,0.6675,0.6675,0.6675,0.6612878787878789,0.66,0.66,0.6535606060606061,0.6525,0.645909090909091,0.645,0.645,0.645,0.6381060606060606,0.6375,0.6375,0.6303787878787879,0.6228030303030304,0.6152272727272727,0.6076515151515152,0.5258333333333334,0.42
W6enyqR-1Jw,transcripts,1pDD75Fk2JCcN8WH9iKNwn9n0qDKyIVPy,1385.4,432,136000,0.043,0.015,0.007000000000000001,0.017,0.02,0.0,0.002,0.049,0.003,0.0,131,76,100,0,0.9,0,0,0.157,8,0,0.718,2.4331464646464647,0.0,0.9272193362193362,3.66,2.4803333333333333,0.11985714285714286,143.51056666666668,0.1875,0.0995,0.258,0.102,0.193,0.0,4,0.6213026315789474,0.5972368421052632,0.3225,1.0,0.7594736842105263,0.7614473684210527,0.7275,0.7046052631578947,0.6825,0.6675,0.6386842105263157,0.6217105263157895,0.6094736842105263,0.5972368421052632,0.5774999999999999,0.5711842105263156,0.5625,0.5573684210526315,0.54,0.5234210526315789,0.5064473684210526,0.495,0.3225,1.0,0.9987626262626262,0.8759848484848485,0.8015909090909091,0.7718939393939394,0.7578787878787878,0.765,0.765530303030303,0.7718939393939394,0.7643181818181819,0.7582575757575757,0.7641666666666667,0.7556818181818182,0.7415151515151516,0.7339393939393939,0.7275,0.7275,0.7313636363636364,0.7472727272727273,0.7306818181818182,0.7109848484848486,0.7034090909090909,0.6958333333333333,0.6882575757575757,0.6806818181818182,0.6768939393939394,0.6824999999999999,0.6804545454545454,0.6771212121212122,0.6803030303030303,0.6727272727272727,0.6675,0.6675,0.675,0.6874242424242424,0.6692424242424242,0.6422727272727273,0.6346969696969696,0.6328787878787878,0.6375,0.6314393939393941,0.6225,0.6193181818181819,0.6117424242424243,0.6075,0.610909090909091,0.615,0.6078787878787879,0.6,0.6,0.5962121212121212,0.5925,0.5964393939393939,0.5959848484848485,0.5884090909090909,0.5850000000000001,0.5807575757575758,0.5774999999999999,0.5774999999999999,0.5774999999999999,0.5774999999999999,0.5728787878787878,0.57,0.5747727272727272,0.572651515151515,0.57,0.565,0.5625,0.5625,0.5625,0.5625,0.5625,0.5625,0.5569696969696969,0.555,0.5493181818181818,0.5475,0.5416666666666667,0.54,0.5340151515151516,0.5325,0.5447727272727272,0.5350757575757576,0.5262121212121212,0.5186363636363636,0.5175,0.5175,0.510909090909091,0.51,0.5032575757575757,0.4956818181818182,0.495,0.495,0.495,0.495,0.4878030303030303,0.4438636363636364,0.3910606060606061,0.3528787878787879,0.3225
wS79wHHkjjw,transcripts,1ASC7FAeYyRrFsZ3PxkrpgKX-w1T79G8A,548.1600000000001,85,136000,0.109,0.06899999999999999,0.024,0.034,0.033,0.0,0.017,0.036000000000000004,0.022000000000000002,0.008,145,78,100,1,0.95,3,1,0.14400000000000002,0,0,0.7265,2.003833333333333,0.0,0.897,1.94,2.435,0.095,137.70010000000002,0.109,0.0975,0.21350000000000002,0.0475,0.124,0.0,5,0.6070921052631579,0.615,0.3,1.0,0.7555263157894736,0.7085526315789473,0.6840789473684211,0.6525,0.6276315789473684,0.4413157894736842,0.4464473684210527,0.6157894736842106,0.6225,0.615,0.6075,0.6,0.596842105263158,0.5948684210526315,0.5853947368421054,0.5759210526315788,0.5625,0.5494736842105263,0.3,1.0,0.9991414141414141,0.9134848484848485,0.8384090909090909,0.7862878787878788,0.7571212121212121,0.7490909090909091,0.734469696969697,0.7262878787878788,0.7125,0.7117424242424243,0.705,0.7040909090909091,0.6965151515151515,0.69,0.6888636363636363,0.6825,0.6812121212121213,0.6736363636363637,0.6660606060606061,0.6584848484848486,0.6525000000000001,0.6508333333333334,0.6432575757575758,0.6375,0.6356060606060606,0.628030303030303,0.6102272727272727,0.5541666666666665,0.48840909090909085,0.4656818181818181,0.44530303030303037,0.43257575757575756,0.4425000000000001,0.4647727272727272,0.4420454545454545,0.4356818181818183,0.4528030303030304,0.46613636363636357,0.5065909090909089,0.5687121212121211,0.6062121212121212,0.6181818181818182,0.6257575757575757,0.63,0.6265909090909092,0.6225,0.6225,0.6225,0.6225,0.6225,0.6186363636363637,0.615,0.615,0.610909090909091,0.6075,0.6075,0.6075,0.6075,0.6075,0.6029545454545454,0.6,0.6,0.6,0.6,0.6,0.6,0.6,0.5948484848484848,0.5925,0.5925,0.5978787878787879,0.6,0.5944696969696969,0.5925,0.5868181818181819,0.5907575757575757,0.5925,0.5865909090909092,0.5790151515151515,0.5774999999999999,0.5774999999999999,0.5774999999999999,0.5774999999999999,0.5711363636363637,0.57,0.5634848484848485,0.5625,0.5625,0.5625,0.5625,0.5625,0.5625,0.5554545454545455,0.5478787878787879,0.5403030303030304,0.49636363636363645,0.4141666666666667,0.3531060606060606,0.3
wWtq4RlbRos,transcripts,1eTNgqcPSLKJGEb1HMOPwOHhgVKtxHuc3,117.5,35,136000,0.048514851485148516,0.05049504950495049,0.01485148514851485,0.048514851485148516,0.009900990099009901,0.0,0.0019801980198019802,0.01386138613861386,0.020792079207920793,0.0,42,39,101,0,0.9,0,0,0.17227722772277226,0,0,0.7495049504950495,0.47058823529411764,0.0,0.3137254901960784,0.0784313725490196,0.3627450980392157,0.0392156862745098,45.56294117647059,0.12772277227722773,0.15049504950495052,0.18960396039603958,0.0900990099009901,0.1603960396039604,0.1,4,0.8447434210526316,0.8427631578947369,0.4875,1.0,0.99,0.9710526315789474,0.939078947368421,0.915,0.915,0.915,0.885,0.8625,0.8475,0.8427631578947369,0.8332894736842105,0.8238157894736842,0.81,0.795,0.7803947368421053,0.7725,0.765,0.7444736842105263,0.4875,1.0,1.0,1.0,0.9996969696969698,0.99,0.99,0.9895454545454545,0.981969696969697,0.9756060606060606,0.9818181818181818,0.9742424242424242,0.9675,0.9675,0.9665151515151515,0.9578787878787879,0.9438636363636363,0.9362878787878788,0.9300000000000002,0.93,0.9285606060606062,0.9209848484848485,0.915,0.915,0.915,0.915,0.915,0.915,0.915,0.915,0.915,0.915,0.915,0.9125757575757576,0.905,0.8974242424242423,0.8898484848484849,0.885,0.8821969696969696,0.8775,0.8745454545454545,0.87,0.8668939393939394,0.8625,0.8625,0.8591666666666666,0.855,0.8515151515151516,0.8475,0.8475,0.8475,0.8475,0.8475,0.843560606060606,0.84,0.84,0.84,0.84,0.8356818181818182,0.8325,0.8325,0.8279545454545454,0.825,0.825,0.8202272727272728,0.8175,0.8175,0.8125,0.81,0.81,0.8047727272727272,0.8025,0.7971212121212121,0.795,0.795,0.7893939393939393,0.7875,0.7874999999999999,0.7875,0.7815909090909091,0.78,0.78,0.78,0.78,0.7737121212121212,0.7725,0.7725,0.7725,0.765909090909091,0.765,0.765,0.7581818181818181,0.7575,0.750530303030303,0.75,0.7428787878787879,0.7353030303030302,0.7131818181818183,0.624318181818182,0.5408333333333334,0.4875
xK0GkyIVzq4,transcripts,1_Otc57kRiu3c-M7cVbg0mZx4jGSs1-E5,1449.0,576,136000,0.065,0.026000000000000002,0.016,0.04,0.016,0.0,0.018,0.09300000000000001,0.0,0.013000000000000001,145,81,100,1,0.9,3,1,0.21,4,0,0.6689999999999999,2.8021570557426196,0.0,0.8405631637911674,5.46,4.433714285714285,0.165,140.97117142857144,0.16899999999999998,0.064,0.24,0.0625,0.156,0.0,5,0.6634210526315789,0.677763157894737,0.2025,1.0,0.796578947368421,0.795,0.78,0.765,0.7452631578947368,0.5723684210526316,0.735,0.7432894736842106,0.6947368421052631,0.677763157894737,0.6675,0.6588157894736842,0.6343421052631579,0.6023684210526316,0.5774999999999999,0.5609210526315789,0.54,0.5194736842105262,0.2025,1.0,0.998989898989899,0.8987878787878788,0.8395454545454546,0.824090909090909,0.8013636363636363,0.7795454545454545,0.7725,0.7737121212121212,0.7881818181818182,0.795,0.795,0.7940909090909091,0.7875,0.7864393939393939,0.78,0.78,0.7787121212121212,0.7711363636363635,0.7650000000000001,0.765,0.765,0.7633333333333334,0.7557575757575757,0.75,0.75,0.7460606060606061,0.6797727272727272,0.5240151515151514,0.5134848484848485,0.5445454545454547,0.5643939393939394,0.6213636363636367,0.7100000000000001,0.7324242424242424,0.7301515151515152,0.735,0.7293939393939393,0.72,0.7170454545454545,0.7125,0.7249242424242424,0.7456818181818181,0.7402272727272727,0.7175,0.701590909090909,0.6975,0.693939393939394,0.6863636363636363,0.6825,0.6825,0.6825,0.6785606060606061,0.6709848484848485,0.6675,0.6675,0.6675,0.6675,0.6631060606060606,0.664469696969697,0.6675,0.6582575757575757,0.6571969696969697,0.6552272727272728,0.6476515151515151,0.645,0.6399999999999999,0.6375,0.6323484848484848,0.63,0.6246969696969698,0.6332575757575758,0.615681818181818,0.6019696969696969,0.6,0.5943181818181819,0.5867424242424244,0.5791666666666666,0.5774999999999999,0.5774999999999999,0.5714393939393939,0.57,0.5637878787878788,0.5625,0.5561363636363637,0.555,0.5484848484848485,0.5475,0.5408333333333334,0.54,0.5331818181818182,0.5325,0.5394696969696969,0.5259090909090909,0.5178787878787878,0.5175,0.5029545454545454,0.39962121212121215,0.27128787878787886,0.2025
xZnMwJQ4mfc,transcripts,1gzeh8NezDXdcPAHBFi5293DtPTltnfVn,1156.32,204,136000,0.048,0.024,0.006999999999999999,0.025,0.032,0.0,0.006999999999999999,0.057999999999999996,0.005,0.018,110,69,100,1,0.95,3,1,0.171,6,0,0.6905,1.7872826617826618,0.0,0.9667112332112332,2.1,3.051,0.09166666666666666,142.7687,0.205,0.045,0.2455,0.0725,0.17600000000000002,0.1,5,0.7314539473684211,0.7227631578947369,0.315,1.0,0.8455263157894737,0.7614473684210527,0.830921052631579,0.825,0.8253947368421053,0.795,0.7811842105263158,0.7717105263157894,0.7492105263157893,0.7227631578947369,0.7132894736842106,0.705,0.6825,0.6876315789473684,0.675,0.66,0.645,0.6375,0.315,1.0,0.9992171717171717,0.9211363636363636,0.8545454545454545,0.8403030303030303,0.8471212121212122,0.8395454545454545,0.831969696969697,0.8201515151515151,0.7643181818181819,0.7582575757575757,0.765,0.765,0.7659848484848485,0.7799242424242424,0.8261363636363636,0.8312878787878788,0.8262878787878788,0.8325,0.831060606060606,0.825,0.825,0.8266666666666667,0.8342424242424242,0.8418181818181818,0.8437121212121212,0.8265909090909092,0.81,0.8078787878787879,0.8025,0.8002272727272728,0.795,0.795,0.7925,0.7875000000000001,0.7874999999999999,0.7847727272727272,0.7771969696969696,0.7725,0.7725,0.7725,0.7725,0.7693181818181818,0.7584848484848485,0.75,0.7534090909090909,0.7575,0.7468181818181818,0.735,0.735,0.735,0.7311363636363637,0.7235606060606061,0.7240151515151516,0.7275,0.7233333333333334,0.72,0.7156818181818181,0.7125,0.708030303030303,0.705,0.7003787878787878,0.7021969696969697,0.705,0.7001515151515151,0.6925757575757575,0.69,0.6849242424242423,0.6825,0.6825,0.6825,0.6825,0.6825,0.6880303030303031,0.6787878787878787,0.6806818181818182,0.6767424242424243,0.675,0.675,0.6690151515151516,0.6675,0.6613636363636364,0.6600000000000001,0.66,0.66,0.6535606060606061,0.6525,0.645909090909091,0.645,0.645,0.6381818181818181,0.6375,0.6375,0.6375,0.6375,0.615909090909091,0.505909090909091,0.4363636363636364,0.39045454545454544,0.315
yKC5nekLvbs,transcripts,1PZMavKFZli7isULpqPCfBTQu5rpL3Y4L,1410.72,215,136000,0.046534653465346534,0.01782178217821782,0.00693069306930693,0.03762376237623763,0.07425742574257425,0.008910891089108912,0.0009900990099009901,0.07821782178217822,0.019801980198019802,0.015841584158415842,128,70,101,1,0.95,3,1,0.21188118811881188,4,0,0.6465346534653466,2.0692018537018537,0.0,0.9747629037629038,2.86,2.508047619047619,0.12233333333333332,143.4745380952381,0.16435643564356436,0.016336633663366337,0.2396039603960396,0.0707920792079208,0.08613861386138613,0.0,4,0.7560855263157895,0.7602631578947368,0.4275,1.0,0.8625,0.8435526315789473,0.7614473684210525,0.8325,0.8175000000000001,0.8143421052631579,0.7961842105263158,0.7807894736842105,0.78,0.7602631578947368,0.7432894736842106,0.735,0.72,0.7148684210526316,0.705,0.6975,0.675,0.6544736842105262,0.4275,1.0,0.9993686868686869,0.936439393939394,0.8845454545454546,0.8696969696969696,0.8625,0.8625,0.861969696969697,0.855,0.8543181818181818,0.8467424242424243,0.8266666666666667,0.7163636363636363,0.6919696969696969,0.707121212121212,0.7279545454545454,0.7870454545454546,0.8599242424242424,0.8461363636363636,0.84,0.8384848484848484,0.8325,0.8308333333333333,0.825,0.825,0.8231060606060606,0.8175000000000001,0.8175,0.8153787878787879,0.81,0.81,0.8123484848484849,0.8150757575757576,0.8075000000000001,0.8025,0.8025,0.7997727272727273,0.795,0.7921212121212121,0.7875,0.7875,0.7843939393939394,0.7831818181818182,0.7907575757575758,0.795,0.7915909090909091,0.7840151515151514,0.78,0.7763636363636364,0.7725,0.7687121212121212,0.765,0.761060606060606,0.7575,0.7575,0.7533333333333333,0.75,0.7456818181818181,0.7425,0.7425,0.7379545454545454,0.735,0.735,0.735,0.7301515151515151,0.7275,0.7275,0.7224242424242424,0.72,0.72,0.7253030303030303,0.7275,0.7220454545454544,0.7144696969696969,0.7068939393939393,0.705,0.7107575757575757,0.7066666666666668,0.705,0.705,0.698939393939394,0.7036363636363635,0.705,0.6987121212121212,0.6975,0.691060606060606,0.6834848484848485,0.6825,0.6758333333333334,0.675,0.6681818181818181,0.6606060606060606,0.66,0.66,0.652878787878788,0.6453030303030304,0.645,0.6303030303030303,0.49636363636363645,0.4275
YoGUM0AsXJI,transcripts,13t7nK2xcE-H2919renwLFI5Xz1ii2S7-,847.72,173,136000,0.175,0.077,0.077,0.04,0.005,0.002,0.004,0.078,0.021,0.0,149,78,100,0,0.9,0,0,0.17300000000000001,4,3,0.688,2.2932193079251904,0.0,0.8588263588263587,2.1372549019607843,2.079738562091503,0.0392156862745098,141.15418300653596,0.1365,0.1315,0.225,0.066,0.177,0.1,5,0.6844605263157895,0.675,0.42,1.0,0.8360526315789473,0.8060526315789474,0.766578947368421,0.7353947368421053,0.735,0.7231578947368421,0.7125,0.705,0.6825,0.675,0.6607894736842106,0.6461842105263158,0.63,0.615,0.6,0.5925,0.5774999999999999,0.57,0.42,1.0,0.9998989898989898,0.9884848484848485,0.9136363636363637,0.8687878787878788,0.8392424242424242,0.8245454545454545,0.8175,0.8168939393939394,0.81,0.8092424242424243,0.8008333333333333,0.7865909090909091,0.7790151515151515,0.7725,0.7713636363636364,0.7637878787878788,0.7562121212121211,0.75,0.748560606060606,0.7409848484848485,0.7365909090909091,0.7441666666666668,0.7482575757575758,0.7425,0.7406060606060606,0.735,0.735,0.7328787878787879,0.7275,0.7275,0.7251515151515152,0.72,0.72,0.72,0.7173484848484848,0.7125,0.7096969696969697,0.705,0.705,0.705,0.705,0.705,0.7017424242424242,0.6941666666666666,0.69,0.6865151515151515,0.6825,0.6825,0.6825,0.6787121212121212,0.675,0.675,0.675,0.6709090909090909,0.6675,0.6675,0.6631818181818182,0.66,0.655530303030303,0.6525,0.6525,0.6478030303030303,0.6497727272727273,0.6428030303030302,0.6375,0.6325,0.63,0.63,0.6247727272727273,0.6225,0.6171212121212121,0.615,0.615,0.6093939393939394,0.6075,0.6017424242424243,0.6,0.6,0.6,0.6,0.5938636363636365,0.5925,0.5925,0.5925,0.5925,0.5859848484848486,0.5850000000000001,0.5783333333333333,0.5774999999999999,0.5774999999999999,0.5774999999999999,0.570530303030303,0.57,0.57,0.57,0.5627272727272727,0.5478030303030303,0.45840909090909093,0.42
YubjPoEmzgU,transcripts,1g2tjKtVp5pK8FXkSNA0lBMjmdcf5U8dT,1324.68,396,136000,0.11287128712871287,0.011881188118811881,0.03663366336633663,0.01485148514851485,0.026732673267326736,0.0029702970297029703,0.00891089108910891,0.06831683168316831,0.005940594059405941,0.0029702970297029703,117,69,101,1,0.9,2,1,0.15544554455445544,3,0,0.7227722772277227,2.661818560524443,0.0,0.835546842046842,5.1,2.963492063492063,0.03666666666666667,142.88246031746033,0.17623762376237626,0.14207920792079207,0.2722772277227723,0.1297029702970297,0.2405940594059406,0.1,5,0.6064407894736842,0.5625,0.36,1.0,0.81,0.7646052631578947,0.735,0.6896052631578947,0.645,0.6256578947368421,0.6134210526315789,0.5850000000000001,0.57,0.5625,0.5632894736842106,0.5625,0.5443421052631578,0.525,0.5103947368421052,0.495,0.4875,0.48,0.36,1.0,0.998989898989899,0.8986363636363637,0.8320454545454546,0.8171969696969696,0.81,0.8104545454545455,0.816969696969697,0.8081818181818182,0.7861363636363636,0.7709848484848485,0.7558333333333332,0.7415909090909091,0.735,0.7349999999999999,0.735,0.7337878787878788,0.7287878787878789,0.730909090909091,0.7096212121212121,0.6959848484848484,0.6884090909090909,0.6808333333333333,0.6732575757575757,0.6638636363636363,0.6506060606060606,0.645,0.645,0.645,0.645,0.6404545454545454,0.6276515151515152,0.6225,0.625,0.6351515151515152,0.645,0.6313636363636363,0.6046969696969697,0.5971212121212122,0.5925,0.5894696969696971,0.5850000000000001,0.5850000000000001,0.5817424242424243,0.5774999999999999,0.5774999999999999,0.5740151515151515,0.57,0.57,0.57,0.5662121212121212,0.5625,0.5625,0.5665151515151514,0.57,0.5741666666666666,0.5732575757575756,0.5656818181818182,0.5625,0.5625,0.5670454545454545,0.57,0.5653030303030303,0.5625,0.5625,0.5674242424242424,0.5599999999999999,0.5499242424242423,0.5423484848484849,0.54,0.54,0.534621212121212,0.5270454545454545,0.525,0.525,0.525,0.525,0.5191666666666667,0.5115909090909091,0.51,0.51,0.5038636363636363,0.49628787878787883,0.495,0.495,0.495,0.5015151515151515,0.5025,0.4891666666666667,0.4875,0.4875,0.4875,0.4875,0.4804545454545454,0.48,0.48,0.48727272727272725,0.4728030303030303,0.4428030303030303,0.36
yv4o4Epz1eM,transcripts,1e_QhPCNkcA-HxU1MyzGSu9Cgo8CHYZLw,1734.74,575,136000,0.061,0.040999999999999995,0.019,0.01,0.0,0.001,0.002,0.043,0.006,0.0,143,78,100,1,0.9,2,1,0.191,1,0,0.708,2.1556612457131488,0.0,0.8978762746928837,3.5098039215686274,2.3879848909260675,0.06372549019607843,134.9991490535608,0.20800000000000002,0.068,0.256,0.076,0.198,0.0,5,0.6636381578947368,0.6627631578947368,0.315,1.0,0.8155263157894738,0.7875,0.7575,0.7428947368421053,0.7223684210526315,0.7113157894736841,0.6986842105263158,0.6975,0.675,0.6627631578947368,0.6532894736842105,0.6225,0.6161842105263159,0.5948684210526315,0.5778947368421051,0.5625,0.54,0.5194736842105262,0.315,1.0,0.9985353535353535,0.8540909090909091,0.8097727272727273,0.8031060606060607,0.8171212121212121,0.8090909090909091,0.794469696969697,0.7875,0.7875,0.7875,0.7866666666666666,0.7790909090909091,0.7715151515151515,0.763939393939394,0.7575,0.7575,0.7562121212121211,0.75,0.748560606060606,0.7425,0.7440909090909091,0.75,0.7482575757575758,0.7388636363636365,0.7256060606060606,0.7219696969696969,0.7295454545454545,0.7286363636363636,0.7125,0.7147727272727273,0.7153030303030303,0.7025757575757575,0.7,0.705,0.705,0.7022727272727272,0.6946969696969696,0.69,0.69,0.69,0.6931060606060606,0.6975,0.6942424242424243,0.6866666666666666,0.6825,0.6790151515151516,0.675,0.675,0.675,0.6674242424242425,0.6638636363636363,0.6635606060606061,0.66,0.6559090909090909,0.6525,0.6567424242424242,0.6556818181818181,0.6525,0.643560606060606,0.6375,0.6328787878787878,0.6253030303030304,0.6225,0.6225,0.6175757575757576,0.625,0.6249242424242424,0.6121969696969697,0.6075,0.6021969696969697,0.6,0.6,0.5944696969696969,0.5868939393939394,0.5793181818181818,0.5774999999999999,0.5833333333333333,0.5790909090909091,0.5715151515151515,0.5821212121212122,0.5727272727272728,0.57,0.5637121212121212,0.5625,0.5625,0.5559848484848486,0.548409090909091,0.5408333333333334,0.54,0.54,0.54,0.5330303030303031,0.5254545454545455,0.5178787878787878,0.5103030303030304,0.4809090909090909,0.4065151515151516,0.353030303030303,0.315
yXaJpj7Bb9w,transcripts,1133rhjE4hlv6lcwiFEPRBig8uFfy65Jm,1978.76,457,136000,0.201,0.084,0.11699999999999999,0.048,0.027999999999999997,0.018,0.02,0.059000000000000004,0.006999999999999999,0.009,195,79,100,1,0.9,3,1,0.251,8,6,0.6375,1.7759912032412033,0.0,1.0,3.06,3.8264285714285715,0.20733333333333334,141.76064285714287,0.1895,0.12050000000000001,0.257,0.065,0.16,0.1,5,0.3466644736842105,0.2802631578947369,0.195,1.0,0.5569736842105264,0.4839473684210526,0.4693421052631579,0.37381578947368416,0.33434210526315783,0.3331578947368421,0.315,0.3134210526315789,0.2925,0.2802631578947369,0.2707894736842106,0.255,0.2518421052631579,0.24,0.24789473684210528,0.2475,0.24,0.2325,0.195,1.0,0.9973232323232323,0.733030303030303,0.6361363636363636,0.5909848484848484,0.5553787878787879,0.5602272727272727,0.5234090909090909,0.5012878787878787,0.4868181818181818,0.4807575757575758,0.4875,0.4865909090909091,0.478030303030303,0.463939393939394,0.4597727272727273,0.47007575757575754,0.45492424242424245,0.43840909090909086,0.4142424242424243,0.386969696969697,0.37022727272727274,0.3491666666666667,0.3253030303030303,0.285,0.29446969696969694,0.33234848484848484,0.3579545454545454,0.35037878787878785,0.3428030303030303,0.3375,0.3351515151515152,0.33,0.3325,0.33234848484848484,0.3198484848484848,0.315,0.315,0.31212121212121213,0.3075,0.313560606060606,0.31939393939393945,0.30863636363636365,0.3032575757575757,0.3041666666666667,0.3034090909090909,0.30053030303030304,0.2925,0.2888636363636363,0.2887121212121212,0.2887121212121212,0.285,0.28106060606060607,0.2815151515151515,0.285,0.2808333333333333,0.2775,0.2731818181818182,0.2656060606060606,0.271439393939394,0.27295454545454545,0.2653787878787879,0.2578030303030303,0.255,0.255,0.2500757575757575,0.2475,0.2525757575757576,0.24984848484848482,0.2475,0.2475,0.2475,0.24204545454545448,0.24,0.24,0.24,0.24,0.2516666666666666,0.24909090909090914,0.24151515151515157,0.24,0.24,0.24,0.24628787878787875,0.2475,0.2475,0.2409848484848485,0.23340909090909095,0.23916666666666664,0.24,0.24,0.23310606060606062,0.23249999999999998,0.2325,0.2325,0.2325,0.2325,0.22515151515151516,0.2175757575757576,0.195
Z6cbf9WN0c4,transcripts,13WnaADCr9GptQYryR8g8_smytu89pNXG,1180.0,325,136000,0.14059405940594058,0.04059405940594059,0.09900990099009901,0.030693069306930693,0.020792079207920793,0.0,0.0,0.060396039603960394,0.025742574257425745,0.01881188118811881,91,56,101,1,0.9,3,1,0.2396039603960396,10,2,0.6356435643564357,1.8308297813297814,0.0,0.9632619047619048,1.84,2.397952380952381,0.05666666666666667,140.68296190476192,0.12871287128712872,0.09158415841584158,0.21881188118811884,0.049999999999999996,0.17227722772277226,0.0,4,0.6043684210526316,0.5952631578947369,0.3675,1.0,0.7555263157894736,0.5277631578947368,0.6011842105263158,0.6978947368421052,0.6927631578947369,0.6631578947368422,0.6525,0.6367105263157894,0.6197368421052631,0.5952631578947369,0.5850000000000001,0.5625,0.5475,0.54,0.5253947368421052,0.525,0.5025,0.4894736842105263,0.3675,1.0,0.9986868686868686,0.8686363636363637,0.8015909090909091,0.7718939393939394,0.7571212121212121,0.7495454545454545,0.741969696969697,0.7337878787878788,0.7043181818181817,0.5437121212121212,0.5083333333333333,0.495,0.5009090909090909,0.5453030303030303,0.5820454545454545,0.6111363636363637,0.6390151515151515,0.6852272727272728,0.6975,0.6975,0.6990909090909091,0.7033333333333334,0.6975,0.6975,0.6975,0.6935606060606061,0.6825,0.6803787878787879,0.675,0.6727272727272727,0.6651515151515152,0.66,0.66,0.6574242424242425,0.6525,0.6525,0.6525,0.6496212121212122,0.6420454545454546,0.6375,0.6375,0.6343181818181818,0.63,0.63,0.6265909090909092,0.6225,0.618939393939394,0.6113636363636363,0.6037878787878788,0.6,0.6,0.5960606060606061,0.5884848484848485,0.5931818181818183,0.5916666666666667,0.5850000000000001,0.5850000000000001,0.5806060606060606,0.573030303030303,0.57,0.57,0.5653030303030303,0.5625,0.5576515151515151,0.5599242424242424,0.5575,0.5499242424242423,0.5475,0.5475,0.5475,0.5475,0.5420454545454545,0.54,0.54,0.5343181818181819,0.5325,0.5325,0.5265909090909091,0.525,0.5189393939393939,0.5236363636363636,0.5187878787878788,0.5237878787878787,0.525,0.518560606060606,0.5109848484848485,0.51,0.5033333333333333,0.5025,0.5025,0.4956060606060606,0.495,0.495,0.48787878787878786,0.4875,0.4947727272727273,0.48765151515151517,0.4578030303030303,0.3675
DhFuAhFMvms,transcripts,1gVX70KoK8NADNqKe-jxplrN7rxjAz_Mp,1634.72,388,136000,0.05544554455445544,0.07821782178217822,0.024752475247524754,0.04059405940594059,0.025742574257425745,0.01782178217821782,0.01881188118811881,0.14059405940594058,0.005940594059405941,0.005940594059405941,194,89,101,1,0.9,3,1,0.2405940594059406,12,3,0.6475247524752474,1.6608296352770038,0.0,0.9663924963924964,3.74,2.8310000000000004,0.14333333333333334,143.05470000000003,0.1292079207920792,0.03861386138613861,0.20841584158415843,0.04732673267326733,0.11089108910891088,0.1,4,0.688921052631579,0.69,0.3675,1.0,0.825,0.8175,0.8025,0.7871052631578948,0.765,0.5636842105263158,0.701842105263158,0.7275,0.7077631578947368,0.69,0.675,0.66,0.645,0.6426315789473684,0.6225,0.6059210526315789,0.5925,0.5794736842105263,0.3675,1.0,0.9991414141414141,0.9139393939393939,0.8615909090909091,0.8321969696969697,0.825,0.825,0.8260606060606059,0.8387878787878787,0.8243181818181818,0.8175000000000001,0.8166666666666667,0.81,0.81,0.808939393939394,0.8025,0.8012878787878788,0.795,0.7936363636363636,0.7875,0.7874999999999999,0.7859090909090909,0.7783333333333334,0.7725,0.7706818181818181,0.765,0.765,0.7629545454545454,0.7256818181818181,0.6120454545454543,0.5393181818181818,0.5596969696969697,0.5772727272727273,0.5975000000000001,0.6049242424242424,0.6159090909090911,0.6695454545454549,0.7153030303030303,0.7228787878787879,0.7245454545454546,0.7230303030303029,0.7275,0.7275,0.7209848484848486,0.7125,0.7227272727272727,0.7210606060606061,0.708560606060606,0.7125,0.7087878787878787,0.7012121212121212,0.6936363636363636,0.69,0.69,0.69,0.6858333333333333,0.6782575757575757,0.675,0.6706060606060606,0.671969696969697,0.6704545454545454,0.6628787878787878,0.66,0.66,0.6551515151515152,0.6525,0.6475,0.645,0.645,0.6397727272727272,0.6375,0.6375,0.6375,0.6430303030303031,0.6393939393939393,0.6318181818181818,0.63,0.6241666666666668,0.6225,0.6404545454545454,0.620757575757576,0.6088636363636365,0.6075,0.6075000000000002,0.6011363636363637,0.6,0.6,0.6,0.5933333333333334,0.5925,0.5925,0.5925,0.5855303030303032,0.5850000000000001,0.5778787878787879,0.5774999999999999,0.5702272727272727,0.5479545454545455,0.48068181818181815,0.3675
