video_folder,transcript_path,drive_file_id,duration_seconds,segments_count,channel_subscribers,interval_label_mean__pain_point,interval_label_mean__why_important,interval_label_mean__problem_consequence,interval_label_mean__promise_result,interval_label_mean__solution_simple,interval_label_mean__solution_fast,interval_label_mean__solution_radical,interval_label_mean__trigger_watch_to_end,interval_label_mean__trigger_urgency,interval_label_mean__quick_tip,abstract_total_count,abstract_intervals_with_feature,abstract_intervals_total,integration_present,integration_confidence,integration_evidence_count_max,integration_suggested_next_step_present,evidence_concreteness_density_mean,evidence_authority_intervals,evidence_analytical_intervals,evidence_water_ratio_mean,linguistic__avg_word_length,linguistic__technical_term_density,linguistic__rare_word_ratio,linguistic__foreign_terms_count,linguistic__avg_sentence_length,linguistic__subordinate_clause_ratio,linguistic__flesch_reading_ease,emotion__positive_emotion_ratio,emotion__negative_emotion_ratio,emotion__energy_density,emotion__personal_pronoun_ratio,emotion__emotional_polarity_ratio,expectation_alignment_score,expectation_mismatch_points_count,target__retention_mean,target__retention_mid,target__retention_tail,target__retention_curve_20__00,target__retention_curve_20__01,target__retention_curve_20__02,target__retention_curve_20__03,target__retention_curve_20__04,target__retention_curve_20__05,target__retention_curve_20__06,target__retention_curve_20__07,target__retention_curve_20__08,target__retention_curve_20__09,target__retention_curve_20__10,target__retention_curve_20__11,target__retention_curve_20__12,target__retention_curve_20__13,target__retention_curve_20__14,target__retention_curve_20__15,target__retention_curve_20__16,target__retention_curve_20__17,target__retention_curve_20__18,target__retention_curve_20__19,target__retention_point__000,target__retention_point__001,target__retention_point__002,target__retention_point__003,target__retention_point__004,target__retention_point__005,target__retention_point__006,target__retention_point__007,target__retention_point__008,target__retention_point__009,target__retention_point__010,target__retention_point__011,target__retention_point__012,target__retention_point__013,target__retention_point__014,target__retention_point__015,target__retention_point__016,target__retention_point__017,target__retention_point__018,target__retention_point__019,target__retention_point__020,target__retention_point__021,target__retention_point__022,target__retention_point__023,target__retention_point__024,target__retention_point__025,target__retention_point__026,target__retention_point__027,target__retention_point__028,target__retention_point__029,target__retention_point__030,target__retention_point__031,target__retention_point__032,target__retention_point__033,target__retention_point__034,target__retention_point__035,target__retention_point__036,target__retention_point__037,target__retention_point__038,target__retention_point__039,target__retention_point__040,target__retention_point__041,target__retention_point__042,target__retention_point__043,target__retention_point__044,target__retention_point__045,target__retention_point__046,target__retention_point__047,target__retention_point__048,target__retention_point__049
138P93_Z_u0,transcripts,1eVkwJcjsMyZqrvFMl3MZEeJpXvxnzsAm,1189.0,163,136000,0.065,0.027999999999999997,0.036,0.016,0.032,0.004,0.006999999999999999,0.094,0.01,0.021,103,61,100,1,0.9,3,1,0.20800000000000002,2,0,0.6589999999999999,1.8035134255722491,0.0,0.9237331296154826,2.5686274509803924,2.2964052287581698,0.06601307189542484,140.8725163398693,0.196,0.069,0.2825,0.062,0.138,0.1,5,0.6535328947368421,0.6675,0.3675,1.0,0.7610526315789474,0.75,0.47092105263157896,0.6323684210526317,0.7148684210526316,0.746842105263158,0.6975,0.6892105263157894,0.687236842105263,0.6675,0.6457894736842105,0.6375,0.6375,0.6225,0.615,0.5909210526315789,0.5814473684210526,0.555,0.3675,1.0,0.8738265306122448,0.765,0.75,0.75,0.75,0.7481632653061224,0.6203571428571427,0.47739795918367345,0.5292857142857144,0.6122448979591837,0.6851020408163266,0.7086734693877551,0.7164795918367347,0.72,0.7337755102040817,0.7255102040816326,0.6997959183673469,0.6975,0.6916836734693877,0.6824999999999999,0.6835714285714286,0.689234693877551,0.69,0.6751530612244898,0.6895408163265305,0.6675,0.6599999999999999,0.6514285714285714,0.645,0.6433163265306123,0.6375,0.6375,0.6423979591836734,0.6375,0.63,0.6225,0.6225,0.6183673469387756,0.6238775510204081,0.5980102040816326,0.5925,0.5903571428571428,0.5868367346938776,0.5790306122448978,0.57,0.5568367346938776,0.5481122448979591,0.5256122448979593,0.3675
1J5zlq2Vs3Y,transcripts,1zgK_2hxK6Xy27mEVmm6TcZuLMGTSv5VQ,1733.6,243,136000,0.102,0.071,0.043,0.003,0.008,0.0,0.018,0.024,0.002,0.0,200,88,100,0,0.9,0,1,0.242,7,2,0.634,2.6401415447297802,0.0,0.8294368987079984,6.58,3.8169999999999997,0.08566666666666667,138.83820000000003,0.1515,0.07100000000000001,0.261,0.044000000000000004,0.106,0.1,4,0.48612500000000003,0.44526315789473686,0.315,1.0,0.6730263157894737,0.6185526315789474,0.5865789473684211,0.5546052631578947,0.5301315789473684,0.5056578947368421,0.48118421052631577,0.4717105263157894,0.45473684210526316,0.44526315789473686,0.43578947368421056,0.4188157894736842,0.3975,0.39,0.3825,0.36750000000000005,0.3564473684210526,0.3375,0.315,1.0,0.7922448979591837,0.6887755102040817,0.6647448979591837,0.6350510204081632,0.6209693877551021,0.6131632653061224,0.5925,0.5850000000000001,0.5672448979591836,0.5594387755102042,0.5441326530612245,0.5288265306122448,0.5285204081632653,0.5132142857142856,0.51,0.49760204081632653,0.495,0.4819897959183673,0.4741836734693877,0.4725,0.46607142857142864,0.458265306122449,0.4579591836734694,0.45,0.4573469387755102,0.4434183673469388,0.45,0.4414285714285714,0.44112244897959185,0.43331632653061225,0.41801020408163264,0.41020408163265304,0.4023979591836735,0.40040816326530615,0.3985714285714286,0.39,0.3825,0.3825,0.37806122448979596,0.3722448979591837,0.3699489795918367,0.36749999999999994,0.36,0.35403061224489796,0.345,0.33841836734693875,0.3375,0.33030612244897967,0.315
39R6j9qkzPo,transcripts,1fmROk9v4uUM4QGgDf_gS8sUkdoNcjCjv,991.72,128,136000,0.12574257425742574,0.06435643564356436,0.05643564356435644,0.007920792079207921,0.0,0.0,0.0,0.05544554455445544,0.0,0.0,107,70,101,1,0.9,2,1,0.1900990099009901,11,0,0.6801980198019802,2.4798533166180228,0.0,0.8152873814638519,4.392156862745098,3.9689542483660127,0.08823529411764706,141.5753594771242,0.14356435643564355,0.08514851485148514,0.2207920792079208,0.05643564356435644,0.13663366336633664,0.1,4,0.5437960526315789,0.5222368421052631,0.405,1.0,0.6355263157894737,0.6260526315789474,0.6075,0.5925,0.5751315789473683,0.5625,0.555,0.54,0.5175,0.5222368421052631,0.5107894736842106,0.5025,0.49184210526315786,0.48,0.4575,0.4409210526315789,0.43144736842105263,0.4219736842105262,0.405,1.0,0.8126020408163266,0.6581632653061225,0.6309183673469387,0.6375,0.6284693877551021,0.6225,0.6128571428571429,0.6050510204081633,0.6,0.5925,0.5925,0.5813265306122448,0.5735204081632652,0.57,0.5654081632653061,0.5625,0.5572959183673469,0.555,0.5491836734693878,0.555,0.54,0.5332653061224489,0.5179591836734694,0.5175,0.5175,0.525,0.516734693877551,0.5164285714285713,0.51,0.5083163265306123,0.5025,0.5122959183673469,0.4998979591836734,0.4904081632653061,0.48,0.48,0.4686734693877551,0.4608673469387755,0.4575,0.45000000000000007,0.4425,0.435,0.435,0.4290306122448979,0.4275,0.4275,0.42,0.41280612244897963,0.405
3G6JrAq-w4M,transcripts,1sO4wrtrja37YbYpQzeD1k9H6sblOKXk0,932.48,278,136000,0.06831683168316832,0.05148514851485149,0.07623762376237624,0.05742574257425742,0.007920792079207921,0.0,0.010891089108910892,0.04356435643564357,0.041584158415841586,0.017821782178217824,132,76,101,1,0.9,3,1,0.18613861386138614,25,3,0.6806930693069307,1.7632275132275133,0.0,0.8728291316526611,1.9215686274509804,2.3333333333333335,0.1437908496732026,132.1930392156863,0.13910891089108912,0.06683168316831684,0.2198019801980198,0.04108910891089109,0.15841584158415842,0.1,3,0.7940394736842105,0.8202631578947369,0.6525,1.0,0.9067105263157894,0.6335526315789474,0.69,0.6856578947368422,0.8972368421052631,0.8806578947368422,0.8711842105263158,0.8399999999999999,0.8419736842105263,0.8202631578947369,0.8242105263157894,0.8088157894736843,0.7961842105263157,0.7673684210526316,0.7575,0.75,0.735,0.7219736842105262,0.6525,1.0,0.9986734693877551,0.9362755102040816,0.8579081632653062,0.7853571428571429,0.635969387755102,0.6673469387755102,0.69,0.680204081632653,0.6402551020408163,0.6603061224489796,0.7559693877551021,0.7942346938775509,0.9004591836734693,0.8957142857142857,0.885,0.8775,0.8775,0.8719897959183673,0.8625,0.8488775510204082,0.84,0.8400000000000001,0.8470408163265307,0.8251530612244897,0.825,0.8175000000000001,0.8175,0.8185714285714285,0.825,0.8158163265306123,0.8080102040816326,0.795,0.7976020408163266,0.7875,0.7767857142857142,0.7689795918367346,0.765,0.7575,0.753061224489796,0.75,0.75,0.7446428571428573,0.7425,0.735,0.7349999999999999,0.7275,0.72,0.7203061224489796,0.6525
3MncoqWP_qg,transcripts,1LJbBZS8R83iMyGQthBdK14UD2YcLhBoj,1012.58,274,136000,0.048999999999999995,0.034,0.03,0.021,0.022000000000000002,0.0,0.0,0.02,0.002,0.02,110,63,100,1,0.9,2,1,0.172,5,0,0.723,2.232730158730159,0.0,0.8872301587301586,2.08,2.5366666666666666,0.10166666666666666,140.50263333333334,0.124,0.038000000000000006,0.1895,0.037000000000000005,0.115,0.2,4,0.7022039473684211,0.677763157894737,0.45,1.0,0.8830263157894737,0.8435526315789473,0.8174999999999999,0.8025,0.7626315789473684,0.7425,0.7286842105263157,0.7125,0.6947368421052631,0.677763157894737,0.6532894736842105,0.6536842105263158,0.641842105263158,0.6225,0.6078947368421053,0.6,0.5850000000000001,0.5644736842105262,0.45,1.0,0.9971428571428571,0.9056632653061224,0.8756632653061225,0.8612755102040817,0.8459693877551021,0.8381632653061224,0.8175,0.8150510204081632,0.8025,0.798061224489796,0.795765306122449,0.7763265306122449,0.7610204081632653,0.7532142857142856,0.7454081632653062,0.7376020408163265,0.740204081632653,0.7294897959183673,0.7216836734693878,0.7125,0.7125,0.7057653061224489,0.6975,0.69,0.6825,0.675,0.6675,0.6589285714285714,0.6525,0.645,0.6544897959183673,0.6554081632653062,0.645,0.6345918367346939,0.63,0.6225,0.6186734693877551,0.615,0.6075,0.6027551020408164,0.6,0.6,0.5925,0.5850000000000001,0.5787244897959183,0.57,0.5556122448979592,0.5478061224489796,0.45
3WA4YT8fkx8,transcripts,1GEb9UvxzPWX_T-1_4bTy71X6DMm1YI3m,803.32,122,136000,0.01881188118811881,0.05148514851485149,0.007920792079207921,0.0059405940594059415,0.0,0.0,0.005940594059405941,0.032673267326732675,0.005940594059405941,0.0,109,67,101,0,0.9,0,1,0.20891089108910893,5,1,0.6564356435643564,1.7376944444444444,0.0,0.9416428571428571,2.44,2.7583333333333333,0.05666666666666667,140.21446666666668,0.13762376237623763,0.026237623762376237,0.2079207920792079,0.033663366336633666,0.08514851485148514,0.2,4,0.7098815789473684,0.69,0.5025,1.0,0.8530263157894737,0.8135526315789474,0.7875,0.765,0.75,0.7381578947368421,0.72,0.7057894736842105,0.705,0.69,0.6825,0.6738157894736843,0.66,0.6548684210526315,0.645,0.63,0.6189473684210527,0.6019736842105263,0.5025,1.0,0.9941326530612244,0.8756632653061224,0.8465816326530613,0.8237755102040816,0.8159693877551021,0.8006632653061225,0.7928571428571429,0.7850510204081632,0.7847448979591837,0.7694387755102041,0.7616326530612245,0.75,0.75,0.7457142857142858,0.7425,0.7301020408163266,0.722295918367347,0.72,0.7141836734693877,0.7063775510204081,0.7114285714285714,0.72,0.7054591836734693,0.705,0.69,0.6895408163265306,0.6825,0.6825,0.6824999999999999,0.6883163265306123,0.6730102040816327,0.665204081632653,0.66,0.66,0.6525,0.6564795918367347,0.645,0.645,0.645,0.6375,0.6324489795918367,0.63,0.6243367346938776,0.6165306122448979,0.615,0.6075,0.6,0.5925,0.5025
4WcGtcKKoWg,transcripts,1QEeECVF68KZ_XIXJe3MSm8paHr4A7M1K,771.3,111,136000,0.07623762376237624,0.06534653465346535,0.04455445544554455,0.04554455445544554,0.06930693069306931,0.005940594059405941,0.008910891089108912,0.046534653465346534,0.0029702970297029703,0.046534653465346534,74,52,101,1,0.9,2,1,0.29207920792079206,3,4,0.601980198019802,1.5241060606060606,0.0,0.912142857142857,1.0,1.9216666666666666,0.06333333333333332,132.49803333333335,0.15544554455445544,0.03663366336633664,0.2376237623762376,0.04504950495049505,0.10693069306930694,0.1,4,0.8001184210526315,0.7949999999999999,0.51,1.0,0.8924999999999998,0.8885526315789474,0.8640789473684212,0.8553947368421053,0.8475,0.8325,0.8388157894736842,0.8175,0.7949999999999999,0.7949999999999999,0.7807894736842105,0.7725,0.7713157894736842,0.7650000000000001,0.7575,0.7559210526315788,0.7425,0.72,0.51,1.0,0.9974489795918368,0.9062755102040816,0.8906632653061224,0.8862244897959184,0.890969387755102,0.8775,0.8753571428571428,0.8625,0.8625,0.8594387755102041,0.8625,0.855,0.8475,0.8475,0.8354081632653061,0.8276020408163265,0.825,0.8380102040816326,0.8266836734693876,0.8175000000000001,0.8175,0.803265306122449,0.795,0.795,0.795,0.7945408163265307,0.780765306122449,0.7864285714285714,0.78,0.7783163265306122,0.7725,0.7725,0.7698979591836734,0.7741836734693879,0.765,0.765,0.7575,0.7575,0.7575,0.7622448979591836,0.7623979591836734,0.7446428571428573,0.7425,0.7425,0.7299489795918369,0.72,0.7131122448979591,0.7053061224489796,0.51
6_qPAwOsDi0,transcripts,1FCyizBgEzn1dWhcYzvt5JpNT0Z0E_ufe,1094.28,160,136000,0.035,0.18600000000000003,0.006999999999999999,0.11900000000000001,0.026999999999999996,0.012999999999999998,0.161,0.057999999999999996,0.006999999999999999,0.0,243,94,100,1,0.9,2,1,0.276,31,4,0.6225,1.8100561139488476,0.0,0.9186961058933377,2.411764705882353,2.3302054154995333,0.08940242763772176,140.82857609710553,0.131,0.0335,0.21100000000000002,0.0365,0.09,0.0,4,0.7279210526315789,0.7125,0.495,1.0,0.9055263157894737,0.8775,0.841578947368421,0.8025,0.78,0.765,0.75,0.7342105263157894,0.7172368421052631,0.7125,0.6975,0.6825,0.675,0.6525,0.6375,0.6209210526315789,0.6114473684210526,0.6,0.495,1.0,0.9950510204081633,0.9143877551020408,0.8990816326530612,0.885,0.8775,0.8681632653061224,0.8528571428571429,0.84,0.8269897959183673,0.8113775510204082,0.7991326530612245,0.7913265306122449,0.78,0.7725,0.765,0.765,0.7575000000000001,0.75,0.7441836734693877,0.7425,0.7285714285714285,0.7275,0.72,0.7125,0.7125,0.7120408163265307,0.7117346938775511,0.6975,0.6975,0.6883163265306123,0.6825,0.675,0.675,0.675,0.66,0.6525,0.645,0.6375,0.633061224489796,0.6252551020408164,0.6225,0.615,0.63,0.609030612244898,0.6012244897959185,0.6,0.5862244897959183,0.5778061224489794,0.495
6Ha1lqRKMig,transcripts,1lAxYPrF6iIQJOssHT4qPtQ4ue-5yynnG,1044.3999999999999,139,136000,0.11386138613861387,0.07722772277227723,0.032673267326732675,0.01386138613861386,0.034653465346534656,0.00693069306930693,0.010891089108910892,0.06534653465346535,0.0009900990099009901,0.0029702970297029708,141,71,101,0,0.9,0,0,0.18118811881188118,1,1,0.7138613861386138,2.2519649122807017,0.0,0.8394181286549707,4.02,3.162555555555555,0.06666666666666667,139.6889777777778,0.1417821782178218,0.07920792079207921,0.19554455445544555,0.03693069306930693,0.1600990099009901,0.0,4,0.6003026315789474,0.5782894736842106,0.42,1.0,0.8325,0.7235526315789473,0.560921052631579,0.5928947368421053,0.6525,0.63,0.6086842105263158,0.6075,0.5925,0.5782894736842106,0.5625,0.555,0.5443421052631578,0.5325,0.5253947368421052,0.51,0.5025,0.47447368421052627,0.42,1.0,0.9347448979591837,0.8393877551020408,0.8269897959183674,0.7550510204081632,0.7259693877551021,0.6958163265306123,0.5764285714285715,0.5625,0.5727551020408163,0.5925,0.6134693877551021,0.6525,0.6525,0.645,0.6329081632653061,0.63,0.617295918367347,0.6094897959183674,0.6075,0.6075,0.6075,0.6,0.5925,0.58515306122449,0.58515306122449,0.57,0.569234693877551,0.5625,0.555,0.555,0.555,0.5475,0.5475,0.54,0.54,0.5325,0.525,0.5291326530612245,0.525,0.5175,0.51,0.51,0.5025,0.5025,0.4887244897959184,0.48091836734693877,0.4656122448979592,0.45030612244897966,0.42
7g_56jn0NCA,transcripts,1oDoORuSWi7VbH4x2CPUUfe77NGmgiM3R,1747.96,593,136000,0.09207920792079206,0.14356435643564355,0.04554455445544555,0.08217821782178218,0.008910891089108912,0.007920792079207921,0.1188118811881188,0.07425742574257425,0.0019801980198019802,0.011881188118811881,239,89,101,1,0.9,2,1,0.23564356435643566,8,4,0.6485148514851485,1.9678822491322492,0.0,0.8792422284922284,4.0,2.972047619047619,0.11699999999999999,139.9366380952381,0.16435643564356436,0.0707920792079208,0.2584158415841584,0.04207920792079208,0.1425742574257426,0.0,4,0.6547368421052632,0.625263157894737,0.495,1.0,0.8080263157894737,0.7685526315789474,0.650921052631579,0.6978947368421052,0.7002631578947368,0.6825,0.6611842105263158,0.6592105263157895,0.6477631578947369,0.625263157894737,0.6284210526315789,0.6075,0.6,0.5925,0.5778947368421051,0.5759210526315788,0.5664473684210526,0.5494736842105263,0.495,1.0,0.8906632653061224,0.8237755102040816,0.8015816326530611,0.7787755102040816,0.770969387755102,0.7463265306122449,0.6664285714285714,0.6549489795918367,0.6552551020408164,0.6753061224489796,0.705,0.7126530612244897,0.6970408163265305,0.6857142857142857,0.6825,0.6776020408163266,0.6802040816326531,0.6619897959183674,0.6541836734693877,0.6538775510204081,0.6535714285714286,0.645,0.645,0.6671938775510203,0.63,0.6225,0.615,0.6171428571428572,0.615,0.6075,0.6075,0.6052040816326532,0.6048979591836734,0.6,0.5925,0.5925,0.5850000000000001,0.5850000000000001,0.5819387755102041,0.5802551020408163,0.5774999999999999,0.57,0.57,0.5640306122448979,0.5625,0.555,0.5406122448979592,0.5325,0.495
8__NWVjeyZ8,transcripts,1tegK1VSsQg9FcWxc1Gjrx21Kw5oEsDrX,1589.38,622,136000,0.099,0.024,0.027000000000000003,0.066,0.048,0.005,0.011000000000000001,0.038,0.006999999999999999,0.016,114,60,100,1,0.95,3,1,0.147,4,0,0.73,1.8267357503607502,0.0,0.9324166666666666,3.18,1.6603333333333332,0.059833333333333336,141.6418666666667,0.205,0.086,0.268,0.107,0.18599999999999997,0.2,4,0.6457565789473685,0.645,0.345,1.0,0.8565789473684211,0.8103947368421053,0.765,0.7567105263157895,0.45473684210526316,0.5171052631578946,0.7085526315789472,0.6667105263157895,0.6619736842105262,0.645,0.6232894736842106,0.5861842105263159,0.5944736842105263,0.5928947368421054,0.6209210526315789,0.5747368421052633,0.5818421052631579,0.5530263157894737,0.345,1.0,0.9197448979591837,0.8280612244897959,0.8372448979591836,0.8225510204081632,0.805561224489796,0.7875,0.7757142857142858,0.7601020408163265,0.7425,0.7619387755102041,0.7189285714285714,0.4575,0.45795918367346944,0.4425,0.4504591836734694,0.6431632653061226,0.75,0.710969387755102,0.6841836734693877,0.675,0.6610714285714286,0.6734693877551021,0.6702551020408163,0.6671938775510203,0.6596938775510204,0.6440816326530612,0.6284693877551021,0.6289285714285714,0.6047448979591837,0.5925,0.5869897959183674,0.6052040816326532,0.5801020408163265,0.5958673469387756,0.5432142857142858,0.588061224489796,0.581173469387755,0.585765306122449,0.5914285714285717,0.5850000000000001,0.5724489795918366,0.6139285714285713,0.5718367346938775,0.5745918367346937,0.5511734693877552,0.5484183673469388,0.5481122448979591,0.5253061224489797,0.345
8YXWaEo201o,transcripts,1THPNvh1yM8Lfllqlt33ZPFFLHd0InZYr,1114.96,171,136000,0.12475247524752475,0.08613861386138613,0.05841584158415842,0.007920792079207921,0.011881188118811883,0.0,0.009900990099009901,0.023762376237623763,0.0,0.0,146,71,101,1,0.9,2,1,0.24851485148514854,9,2,0.6425742574257426,1.7446378066378065,0.0,0.9871428571428571,2.44,2.4943333333333335,0.18899999999999997,143.49236666666667,0.12821782178217822,0.11831683168316831,0.2272277227722772,0.034653465346534656,0.1306930693069307,0.1,4,0.695828947368421,0.6994736842105262,0.5774999999999999,1.0,0.7930263157894737,0.7796052631578947,0.7618421052631579,0.8032894736842106,0.72,0.7081578947368421,0.6986842105263158,0.7042105263157894,0.69,0.6994736842105262,0.6675,0.645,0.6343421052631579,0.6225,0.615,0.6,0.5964473684210526,0.6,0.5774999999999999,1.0,0.9116326530612245,0.8087755102040817,0.7865816326530612,0.7812244897959183,0.784438775510204,0.7631632653061224,0.7553571428571428,0.7625510204081631,0.75,0.7714285714285714,0.7871938775510203,0.7275,0.72,0.7125,0.7125,0.705,0.7072959183673468,0.6994897959183674,0.6975,0.705,0.6985714285714286,0.6975,0.69,0.69,0.69,0.7059183673469387,0.688469387755102,0.6675,0.66,0.6583163265306123,0.645,0.642704081632653,0.6375,0.63,0.6342857142857143,0.6225,0.6186734693877551,0.615,0.615,0.6102551020408163,0.6024489795918367,0.6,0.6056632653061225,0.594030612244898,0.5925,0.5990816326530612,0.6,0.5928061224489797,0.5774999999999999
9B3N8I4Vidc,transcripts,19Ia-ZCMEQztDTI3eFofAaxEH8aRKT0HJ,744.84,106,136000,0.15346534653465346,0.041584158415841586,0.06435643564356436,0.0801980198019802,0.05346534653465347,0.008910891089108912,0.01386138613861386,0.05049504950495049,0.0059405940594059415,0.01386138613861386,126,73,101,1,0.9,3,1,0.12772277227722773,1,0,0.7336633663366336,2.596574993633817,0.0,0.7284957417310358,3.764705882352941,3.3186274509803924,0.1715686274509804,136.6664705882353,0.15544554455445544,0.07821782178217822,0.24900990099009904,0.058910891089108915,0.10297029702970298,0.3,5,0.6483552631578947,0.675,0.4125,0.9975,0.7405263157894737,0.735,0.729078947368421,0.6967105263157894,0.4898684210526315,0.5261842105263157,0.69,0.6892105263157894,0.6797368421052632,0.675,0.6607894736842106,0.6525,0.641842105263158,0.6248684210526316,0.6003947368421053,0.5909210526315789,0.5774999999999999,0.5569736842105263,0.4125,0.9975,0.8450510204081633,0.7562755102040816,0.7340816326530613,0.7337755102040816,0.735,0.7350000000000001,0.735,0.7275,0.735,0.7063775510204082,0.6757653061224489,0.5598979591836736,0.49147959183673473,0.5035714285714286,0.5262244897959184,0.5814795918367348,0.6808163265306122,0.69,0.69,0.69,0.6835714285714286,0.6825,0.6820408163265306,0.675,0.675,0.6745408163265306,0.6675,0.6664285714285714,0.6675,0.6583163265306123,0.6525,0.6525,0.645,0.6375,0.63,0.6264795918367347,0.615,0.6075,0.6,0.5952551020408163,0.5925,0.5850000000000001,0.5793367346938775,0.5774999999999999,0.5712244897959183,0.5625,0.555,0.5403061224489796,0.4125
b5gAWk2QuSU,transcripts,1IiKZi8-217th25CJVv7Ih2ZaJSKO1fIX,1000.4599999999999,325,136000,0.05742574257425742,0.033663366336633666,0.025742574257425745,0.0039603960396039604,0.007920792079207921,0.00693069306930693,0.0049504950495049506,0.01881188118811881,0.0049504950495049506,0.008910891089108912,172,85,101,1,0.9,2,1,0.17722772277227722,3,1,0.698019801980198,1.5689098291174415,0.0,0.9549256203235442,2.450980392156863,2.4944444444444445,0.05555555555555556,140.61506535947714,0.15495049504950495,0.048514851485148516,0.19950495049504952,0.030693069306930693,0.1415841584158416,0.1,5,0.7547039473684211,0.75,0.4875,1.0,0.8810526315789473,0.8475,0.8265789473684211,0.81,0.7949999999999999,0.7875,0.7725,0.765,0.7622368421052632,0.75,0.735,0.7275,0.716842105263158,0.705,0.69,0.6884210526315788,0.6789473684210526,0.6675,0.4875,1.0,0.9968367346938776,0.8918877551020408,0.8690816326530613,0.855,0.8475,0.8381632653061224,0.8325,0.8225510204081633,0.8175,0.814438775510204,0.8066326530612244,0.798826530612245,0.795,0.7875,0.7875,0.7874999999999999,0.78,0.7725,0.7666836734693877,0.7786224489795919,0.765,0.765,0.765,0.7501530612244898,0.75,0.7504591836734694,0.755969387755102,0.735,0.735,0.7275,0.7275,0.722295918367347,0.7248979591836734,0.7125,0.705,0.705,0.6975,0.69,0.69,0.69,0.69,0.6825,0.675,0.676530612244898,0.675,0.6675,0.6537244897959182,0.5796428571428572,0.4875
bK-1Mfb93uA,transcripts,1NySs4fK_b-lZlv-2AKdrCThhocJXgKzb,861.7600000000001,233,136000,0.048,0.006,0.011000000000000001,0.013000000000000001,0.014000000000000002,0.0,0.009000000000000001,0.09699999999999999,0.008,0.006,125,79,100,1,0.9,2,1,0.14,4,0,0.723,2.1970276999688765,0.0,0.8849673202614379,2.2941176470588234,2.1449579831932772,0.0718954248366013,135.31508403361346,0.12300000000000001,0.028999999999999998,0.17600000000000002,0.050499999999999996,0.10400000000000001,0.1,5,0.6600065789473685,0.6225,0.3675,1.0,0.7985526315789473,0.7725,0.765,0.7575,0.7476315789473684,0.7113157894736841,0.6888157894736842,0.6667105263157895,0.6422368421052631,0.6225,0.6075,0.6,0.5925,0.5798684210526315,0.5850000000000001,0.57,0.5625,0.5625,0.3675,1.0,0.9919897959183673,0.8162755102040817,0.7856632653061224,0.7587244897959183,0.7725,0.7743367346938775,0.7703571428571429,0.7649999999999999,0.7725,0.7619387755102041,0.7575,0.7538265306122449,0.7460204081632653,0.735,0.72,0.7001020408163265,0.6847959183673469,0.6880102040816327,0.69,0.6763775510204082,0.6610714285714286,0.654030612244898,0.6454591836734694,0.6375,0.6298469387755101,0.6220408163265306,0.614234693877551,0.6075,0.6075,0.6,0.6,0.6075,0.5973979591836734,0.589591836734694,0.5850000000000001,0.5814795918367346,0.5774999999999999,0.5850000000000001,0.5850000000000001,0.5727551020408163,0.57,0.57,0.5643367346938776,0.5625,0.5562244897959184,0.5615816326530613,0.5418367346938775,0.5109183673469389,0.3675
BZEZxzRJ-L4,transcripts,1QidJxOlejWcUXWHT9NIBAKXnoN3LNiG9,1645.28,569,136000,0.086,0.01,0.019,0.011000000000000001,0.009000000000000001,0.0,0.003,0.051,0.004,0.0,79,45,100,0,0.9,0,1,0.11599999999999999,0,1,0.765,1.8345471864736569,0.0,0.9157666666666667,3.16,2.0219603174603176,0.10083333333333334,141.1717515873016,0.17800000000000002,0.106,0.235,0.1105,0.228,0.0,5,0.6734671052631579,0.6402631578947369,0.3075,1.0,0.7930263157894737,0.799342105263158,0.783157894736842,0.7271052631578947,0.756315789473684,0.700657894736842,0.6963157894736842,0.7369736842105262,0.6742105263157894,0.6402631578947369,0.6315789473684211,0.6161842105263158,0.6138157894736842,0.6505263157894738,0.5850000000000001,0.5909210526315789,0.6,0.5664473684210525,0.3075,1.0,0.8756632653061224,0.8087755102040817,0.7875,0.7862755102040817,0.7920918367346939,0.8326530612244898,0.8003571428571429,0.7751020408163265,0.7752551020408163,0.7452551020408162,0.7166326530612245,0.7161734693877551,0.7708163265306123,0.7649999999999999,0.7020918367346938,0.6926020408163265,0.6847959183673469,0.6955102040816328,0.6941326530612245,0.7956122448979591,0.6975000000000001,0.6682653061224489,0.6815816326530612,0.66,0.6670408163265305,0.6375,0.638265306122449,0.6428571428571429,0.6286224489795919,0.6283163265306122,0.6169897959183673,0.6277040816326531,0.6172959183673469,0.619591836734694,0.6182142857142858,0.6440816326530614,0.6075,0.5883673469387756,0.5938775510204081,0.5905102040816328,0.5900510204081634,0.5850000000000001,0.5868367346938776,0.6,0.57,0.5765816326530611,0.5556122448979592,0.40301020408163335,0.3075
Db6f982wxPg,transcripts,1bRnTP3v4rUcggRrd8A-ArvPxHrUF1MKE,722.2,145,136000,0.31287128712871287,0.12079207920792079,0.1712871287128713,0.0019801980198019802,0.00891089108910891,0.0,0.007920792079207921,0.01485148514851485,0.0,0.008910891089108912,182,91,101,0,0.9,0,1,0.15148514851485148,8,1,0.7287128712871287,1.4895658263305322,0.0,0.9101307189542484,1.4705882352941178,2.196078431372549,0.058823529411764705,132.3714705882353,0.08712871287128714,0.18910891089108908,0.21386138613861388,0.05346534653465347,0.18613861386138614,0.0,5,0.7509934210526316,0.7275,0.5850000000000001,1.0,0.8790789473684211,0.8475,0.8475,0.8175,0.8151315789473685,0.7906578947368421,0.7736842105263158,0.7575,0.7425,0.7275,0.72,0.7073684210526315,0.705,0.69,0.675,0.66,0.6489473684210526,0.63,0.5850000000000001,1.0,0.9974489795918368,0.9056632653061224,0.8615816326530612,0.8525510204081632,0.8475,0.8418367346938775,0.8475,0.8450510204081633,0.8297448979591836,0.8219387755102041,0.8175,0.8175,0.8135204081632654,0.8057142857142857,0.795,0.7874999999999999,0.78,0.7744897959183673,0.7666836734693877,0.7575,0.7575,0.75,0.7429591836734695,0.7425,0.7348469387755102,0.7275,0.72,0.72,0.7186224489795918,0.7125,0.7089795918367346,0.7125,0.7098979591836734,0.7020918367346939,0.6942857142857142,0.69,0.6825,0.675,0.670561224489796,0.6627551020408163,0.66,0.6546428571428572,0.6525,0.6465306122448979,0.6375,0.63,0.6231122448979592,0.6225,0.5850000000000001
DhFuAhFMvms,transcripts,1gVX70KoK8NADNqKe-jxplrN7rxjAz_Mp,1634.72,388,136000,0.05544554455445544,0.07821782178217822,0.024752475247524754,0.04059405940594059,0.025742574257425745,0.01782178217821782,0.01881188118811881,0.14059405940594058,0.005940594059405941,0.005940594059405941,194,89,101,1,0.9,3,1,0.2405940594059406,12,3,0.6475247524752474,1.6608296352770038,0.0,0.9663924963924964,3.74,2.8310000000000004,0.14333333333333334,143.05470000000003,0.1292079207920792,0.03861386138613861,0.20841584158415843,0.04732673267326733,0.11089108910891088,0.1,4,0.688921052631579,0.69,0.3675,1.0,0.825,0.8175,0.8025,0.7871052631578948,0.765,0.5636842105263158,0.701842105263158,0.7275,0.7077631578947368,0.69,0.675,0.66,0.645,0.6426315789473684,0.6225,0.6059210526315789,0.5925,0.5794736842105263,0.3675,1.0,0.9128571428571429,0.8318877551020408,0.825,0.8375510204081632,0.8175,0.81,0.8078571428571428,0.8000510204081632,0.7922448979591836,0.7875,0.7766326530612244,0.7688265306122448,0.765,0.6932142857142856,0.5462755102040817,0.5846938775510204,0.602295918367347,0.6945918367346942,0.7258163265306122,0.7261224489795918,0.7275,0.7125,0.7068367346938775,0.7125,0.6973469387755102,0.69,0.689234693877551,0.675,0.6688775510204081,0.6658163265306122,0.66,0.6525,0.645,0.6420918367346939,0.6375,0.6410204081632653,0.633673469387755,0.6258673469387754,0.635816326530612,0.6102551020408163,0.6075,0.6,0.6,0.5925,0.5925,0.5850000000000001,0.5774999999999999,0.5484183673469389,0.3675
DrS6_CT0XrU,transcripts,1JlrvS9zEUNM5jHy8LNiaROGsVb7DyhDh,506.9,100,136000,0.075,0.055,0.035,0.06,0.006999999999999999,0.0,0.003,0.019,0.001,0.0,73,54,100,1,1.0,1,1,0.273,1,0,0.63,1.259648303765951,0.0,0.7784780578898225,1.7843137254901962,2.1241830065359477,0.06862745098039216,115.2019934640523,0.128,0.057999999999999996,0.161,0.043,0.139,0.1,4,0.7031118421052632,0.675,0.6,1.0,0.8565789473684211,0.7689473684210526,0.751578947368421,0.7346052631578948,0.7125,0.700657894736842,0.6975,0.6825,0.675,0.675,0.6682894736842105,0.66,0.6525,0.6576315789473685,0.645,0.645,0.6414473684210527,0.6375,0.6,1.0,0.9986734693877551,0.9038265306122448,0.8372448979591836,0.7925510204081634,0.7665306122448979,0.7725,0.7682142857142856,0.7475510204081632,0.7377551020408164,0.735,0.7275,0.72,0.7125,0.7125,0.7079081632653061,0.6975,0.6975,0.6975,0.6916836734693877,0.6838775510204081,0.6825,0.6825,0.6754591836734694,0.675,0.675,0.6754591836734694,0.681734693877551,0.6739285714285714,0.6661224489795918,0.66,0.66,0.66,0.6573979591836734,0.6525,0.6525,0.6560204081632653,0.6561734693877551,0.645,0.645,0.645,0.645,0.645,0.645,0.6390306122448979,0.6375,0.6375,0.6306122448979591,0.6228061224489797,0.6
dx7dMwMXSAA,transcripts,19_GbRTiYF-v9CF7-sy_NGDzoralueust,1524.8400000000001,209,136000,0.19306930693069307,0.04851485148514851,0.16930693069306932,0.021782178217821784,0.00693069306930693,0.005940594059405941,0.0297029702970297,0.04257425742574257,0.0,0.0,160,77,101,1,0.9,2,1,0.28217821782178215,12,3,0.6217821782178218,1.7081348118112825,0.0,0.8622602071131482,3.823529411764706,2.822549019607843,0.18300653594771243,134.4342156862745,0.12227722772277227,0.14603960396039603,0.24603960396039606,0.028811881188118813,0.14554455445544554,0.1,4,0.6002434210526315,0.5755263157894737,0.42,1.0,0.7535526315789474,0.7046052631578947,0.6631578947368422,0.6375,0.6303947368421052,0.611842105263158,0.6,0.5850000000000001,0.5774999999999999,0.5755263157894737,0.5625,0.555,0.5443421052631578,0.5451315789473685,0.54,0.5309210526315788,0.5139473684210526,0.45394736842105254,0.42,1.0,0.8897448979591837,0.7781632653061225,0.7415816326530612,0.7275,0.7094387755102042,0.6881632653061224,0.6803571428571429,0.6575510204081633,0.6525,0.6419387755102041,0.6341326530612245,0.63,0.6255612244897959,0.6107142857142858,0.6075,0.6101020408163266,0.602295918367347,0.6,0.5866836734693879,0.5850000000000001,0.5850000000000001,0.5782653061224489,0.5774999999999999,0.5774999999999999,0.5850000000000001,0.5695408163265305,0.5625,0.5625,0.5625,0.555,0.555,0.552704081632653,0.5475,0.54,0.54,0.5435204081632654,0.5436734693877552,0.54,0.54,0.5352551020408164,0.5325,0.525,0.5175,0.5115306122448979,0.48122448979591836,0.46591836734693876,0.45,0.4425,0.42
e21aHqRYPKE,transcripts,182zBqSrhFNOhBfzIlril2a3YvTL_8NBH,1190.08,270,136000,0.12376237623762376,0.062376237623762376,0.07821782178217822,0.030693069306930693,0.0,0.007920792079207921,0.031683168316831684,0.08316831683168317,0.032673267326732675,0.0,139,73,101,1,0.9,2,1,0.22475247524752476,12,2,0.6628712871287129,1.7744090909090908,0.0,0.934,1.96,2.585,0.10833333333333334,137.50510000000003,0.1485148514851485,0.11732673267326732,0.23663366336633665,0.046534653465346534,0.16633663366336635,0.0,5,0.7331907894736842,0.72,0.45,1.0,0.8455263157894737,0.81,0.81,0.7946052631578947,0.78,0.7961842105263157,0.7586842105263157,0.75,0.7322368421052632,0.72,0.7125,0.705,0.705,0.7002631578947369,0.6678947368421053,0.66,0.6414473684210527,0.6244736842105263,0.45,1.0,0.9716326530612245,0.8612755102040817,0.8390816326530611,0.8162755102040816,0.81,0.81,0.81,0.8075510204081633,0.8025,0.795,0.7875,0.7838265306122449,0.78,0.78,0.7816836734693877,0.7878061224489796,0.765,0.7594897959183673,0.7575000000000001,0.75,0.75,0.756734693877551,0.735,0.7201530612244899,0.72,0.7195408163265306,0.7125,0.7125,0.7125,0.7183163265306123,0.705,0.6975,0.7001020408163265,0.6991836734693877,0.69,0.6970408163265307,0.7011734693877552,0.675,0.6675,0.6675,0.66,0.6546428571428572,0.645,0.6390306122448979,0.6375,0.63,0.6156122448979592,0.5490306122448981,0.45
ECP4p12A5FY,transcripts,184-usIllkr7Qq8RJhTCKOOyicWNqa7t4,1418.8,339,136000,0.159,0.057,0.077,0.053,0.037000000000000005,0.005,0.003,0.087,0.022000000000000002,0.023,125,73,100,1,0.9,3,1,0.183,3,0,0.6990000000000001,1.9760952555070201,0.0,0.8560442825148706,3.6666666666666665,3.0003267973856214,0.11764705882352941,139.95741830065361,0.1155,0.111,0.2315,0.0599,0.18,0.0,5,0.7295592105263158,0.7125,0.45,1.0,0.8719736842105262,0.8360526315789474,0.6856578947368421,0.8171052631578948,0.7949999999999999,0.7819736842105263,0.7598684210526314,0.7409210526315789,0.7247368421052631,0.7125,0.6982894736842106,0.6963157894736842,0.6813157894736842,0.6698684210526316,0.6675,0.661578947368421,0.6825,0.6580263157894738,0.45,1.0,0.9422448979591836,0.8562244897959184,0.8747448979591836,0.8600510204081633,0.8384693877551019,0.7504591836734694,0.6921428571428571,0.6825,0.7108163265306124,0.8130612244897959,0.81,0.8026530612244899,0.795,0.7907142857142857,0.7891836734693878,0.7822959183673468,0.7793877551020408,0.7614795918367345,0.7616326530612245,0.7438775510204082,0.7296428571428571,0.7275,0.7279591836734695,0.72,0.7125,0.7129591836734694,0.7057653061224489,0.7039285714285713,0.6975,0.705,0.6955102040816328,0.6825,0.6798979591836735,0.6870918367346939,0.6792857142857143,0.6714795918367347,0.6675,0.6675,0.6675,0.66,0.66,0.6675,0.6656632653061225,0.6825,0.6924489795918367,0.6543367346938775,0.66,0.6528061224489795,0.45
EFxlvlchMw8,transcripts,1925xfQfQKxzkFFHZ80OGKdYQz78Dqxi4,1225.88,181,136000,0.10693069306930691,0.05643564356435644,0.04059405940594059,0.03663366336633664,0.03564356435643565,0.011881188118811881,0.012871287128712869,0.08316831683168317,0.031683168316831684,0.0049504950495049506,162,90,101,1,0.9,3,1,0.16534653465346533,8,1,0.701980198019802,2.1603464890229596,0.0,0.8182062762945117,2.8823529411764706,3.2186274509803923,0.12810457516339868,133.9193137254902,0.13366336633663367,0.0806930693069307,0.22772277227722773,0.05693069306930693,0.11782178217821783,0.1,5,0.6821907894736843,0.6825,0.405,1.0,0.81,0.7444736842105263,0.6209210526315789,0.7796052631578947,0.7602631578947369,0.7393421052631579,0.7275,0.7125,0.6947368421052631,0.6825,0.675,0.675,0.6568421052631579,0.6323684210526316,0.6078947368421053,0.5984210526315789,0.5739473684210525,0.5475,0.405,1.0,0.9122448979591837,0.8168877551020408,0.81,0.8025,0.7662244897959185,0.6471428571428572,0.615,0.6200510204081633,0.7053061224489797,0.7755612244897958,0.765765306122449,0.761173469387755,0.7570408163265306,0.735,0.735,0.7327040816326531,0.7275,0.7275,0.72,0.7125,0.7125,0.698265306122449,0.6975,0.6973469387755102,0.6898469387755101,0.6824999999999999,0.675,0.675,0.6933673469387756,0.6808163265306122,0.675,0.665204081632653,0.66,0.6525,0.6417857142857142,0.6339795918367346,0.6225,0.615,0.6075,0.6075,0.6,0.5871428571428573,0.5793367346938775,0.5715306122448979,0.5574489795918368,0.5484183673469388,0.5406122448979592,0.5253061224489797,0.405
EhAdb6fIEe0,transcripts,1XExmOAaXHvJVAhiH7uYShX5ipunrYQmC,1126.4,216,136000,0.1217821782178218,0.0297029702970297,0.08811881188118813,0.025742574257425745,0.00891089108910891,0.0,0.032673267326732675,0.03762376237623762,0.0,0.0,165,81,101,1,0.9,2,1,0.21485148514851485,3,0,0.6762376237623762,2.486539294039294,0.0,0.8236342546342545,3.32,3.063333333333333,0.125,142.75266666666667,0.17227722772277226,0.09207920792079209,0.23465346534653464,0.026732673267326736,0.15742574257425743,0.1,5,0.5943815789473684,0.5774999999999999,0.3225,1.0,0.7385526315789475,0.715657894736842,0.691578947368421,0.675,0.6651315789473684,0.6406578947368421,0.645,0.6075,0.5925,0.5774999999999999,0.555,0.5325,0.5175,0.5025,0.5021052631578947,0.48,0.4689473684210526,0.4575,0.3225,1.0,0.8594387755102041,0.7700510204081632,0.7275,0.7386734693877551,0.7229081632653062,0.7125,0.6975,0.69,0.6872448979591836,0.6794387755102042,0.675,0.675,0.6635204081632653,0.6525,0.645,0.6375,0.6322959183673469,0.645,0.645,0.6266326530612246,0.6075,0.6007653061224489,0.5929591836734694,0.5925,0.5774999999999999,0.5774999999999999,0.569234693877551,0.555,0.5536224489795919,0.54,0.5325,0.530204081632653,0.5175,0.5145918367346939,0.5025,0.5025,0.5025,0.495,0.49806122448979595,0.4902551020408163,0.48,0.48,0.4725,0.46653061224489795,0.4662244897959184,0.4575,0.45061224489795915,0.44280612244897966,0.3225
Ei6QuJppkb4,transcripts,1uZfSOG-BbG-Pnvz0XDGxP9brWvc9OzSP,943.4399999999999,132,136000,0.07227722772277227,0.06336633663366337,0.04257425742574257,0.04554455445544554,0.023762376237623763,0.0049504950495049506,0.019801980198019802,0.04950495049504951,0.023762376237623763,0.01881188118811881,95,63,101,1,0.95,3,1,0.21683168316831683,4,3,0.6346534653465346,2.8244038961166993,0.0,0.7161903744083675,5.372549019607843,3.8186274509803924,0.029411764705882353,138.8936274509804,0.16336633663366337,0.0504950495049505,0.24851485148514854,0.06534653465346535,0.1198019801980198,0.1,5,0.7892236842105264,0.8052631578947369,0.51,1.0,0.9205263157894736,0.9,0.8775,0.8471052631578947,0.6327631578947368,0.687236842105263,0.84,0.825,0.8175000000000001,0.8052631578947369,0.795,0.7938157894736843,0.7725,0.7673684210526316,0.7578947368421053,0.75,0.75,0.7350000000000001,0.51,1.0,0.9878571428571429,0.9225,0.9140816326530613,0.9062755102040817,0.9000000000000001,0.896326530612245,0.8828571428571428,0.8775,0.8857653061224491,0.8608163265306124,0.84,0.7992857142857144,0.6295408163265306,0.6342857142857142,0.6408673469387756,0.722295918367347,0.7691326530612244,0.8399999999999999,0.84,0.8263775510204081,0.825,0.8175,0.8175000000000001,0.8175,0.81,0.8025,0.795,0.795,0.795,0.795,0.7930102040816327,0.7852040816326531,0.7725,0.7783163265306121,0.78,0.7689795918367346,0.765,0.7616326530612245,0.753061224489796,0.75,0.75,0.7446428571428573,0.7425,0.75,0.7425,0.735,0.735,0.7203061224489796,0.51
eL9OqXpmvOE,transcripts,1SVbjXtjVqcRrolUDIb0XJFA999FHVNEO,764.9200000000001,177,136000,0.3732673267326733,0.16930693069306932,0.22772277227722773,0.0019801980198019802,0.015841584158415842,0.0,0.04257425742574257,0.0049504950495049506,0.021782178217821784,0.011881188118811881,179,89,101,0,0.9,0,0,0.2198019801980198,3,8,0.6841584158415841,1.2764761904761905,0.0,0.86,1.54,2.3043333333333336,0.09333333333333334,123.19646666666668,0.0608910891089109,0.2851485148514852,0.22772277227722773,0.0202970297029703,0.2376237623762376,0.1,4,0.481171052631579,0.4077631578947369,0.2925,1.0,0.7460526315789473,0.6785526315789474,0.6240789473684211,0.5771052631578946,0.5451315789473684,0.5175,0.4886842105263158,0.465,0.4397368421052631,0.4077631578947369,0.3975,0.3813157894736842,0.3675,0.36,0.3525,0.3375,0.33,0.315,0.2925,1.0,0.9407142857142857,0.784438775510204,0.7331632653061224,0.6950510204081632,0.6809693877551021,0.6656632653061224,0.6407142857142858,0.6200510204081633,0.5972448979591837,0.5819387755102041,0.5666326530612245,0.5588265306122449,0.5435204081632653,0.5325,0.5204081632653061,0.5126020408163265,0.49729591836734693,0.4894897959183673,0.4741836734693877,0.4725,0.465,0.465,0.44295918367346937,0.42765306122448976,0.41984693877551016,0.405,0.40423469387755107,0.3975,0.39612244897959187,0.3825,0.38051020408163266,0.37270408163265306,0.3675,0.3675,0.3642857142857142,0.36,0.36,0.3525,0.3525,0.345,0.3375,0.3321428571428572,0.33,0.33,0.3225,0.3159183673469388,0.315,0.3075,0.2925
eLSgNBnpeRg,transcripts,1mY8lMsRcEF6cD3vtPSB5squcZfU0Dt1W,1305.76,180,136000,0.032,0.065,0.006,0.006,0.0,0.0,0.0,0.059,0.003,0.011000000000000001,131,67,100,1,0.9,1,1,0.35600000000000004,18,2,0.5489999999999999,1.636628404275463,0.0,0.9319636790225025,3.3529411764705883,2.8834267040149393,0.17222222222222222,140.1093884220355,0.095,0.027000000000000003,0.1955,0.0335,0.06,0.1,4,0.7079473684210527,0.6927631578947369,0.5025,1.0,0.8530263157894737,0.8325,0.819078947368421,0.8025,0.7949999999999999,0.78,0.7511842105263158,0.7401315789473684,0.705,0.6927631578947369,0.6825,0.6525,0.63,0.6098684210526316,0.5928947368421053,0.5850000000000001,0.57,0.5625,0.5025,1.0,0.9353571428571428,0.8618877551020409,0.8465816326530613,0.8387755102040816,0.8325,0.8306632653061226,0.825,0.8175,0.8147448979591836,0.8025,0.8025,0.795,0.795,0.7907142857142857,0.78,0.7751020408163265,0.765,0.7519897959183673,0.75,0.7438775510204082,0.7232142857142857,0.7125,0.705,0.705,0.6975,0.69,0.69,0.6825,0.675,0.6716326530612245,0.6525,0.642704081632653,0.63,0.6329081632653061,0.6353571428571428,0.6114795918367346,0.615,0.6,0.5925,0.5877551020408164,0.5850000000000001,0.5796428571428571,0.5718367346938775,0.57,0.57,0.5625,0.5625,0.5553061224489797,0.5025
Fr4ZqY97Bco,transcripts,1AOQIhJFlSaAQH3xThtRTklmUKW15lhHr,1261.32,176,136000,0.16099999999999998,0.04,0.066,0.01,0.047,0.006999999999999999,0.006999999999999999,0.08900000000000001,0.008,0.016,130,68,100,1,0.9,3,1,0.259,8,2,0.634,2.007411976911977,0.0,0.92054329004329,1.5,2.3407142857142857,0.06666666666666667,137.82267142857145,0.1175,0.0745,0.22,0.0425,0.11800000000000001,0.0,4,0.6697565789473684,0.645,0.3225,1.0,0.8585526315789473,0.8285526315789473,0.8174999999999999,0.7946052631578947,0.7551315789473684,0.735,0.7136842105263158,0.6825,0.6647368421052631,0.645,0.63,0.6,0.589342105263158,0.57,0.57,0.555,0.5435526315789474,0.5194736842105262,0.3225,1.0,0.9572448979591837,0.8693877551020408,0.8456632653061225,0.8312755102040816,0.830969387755102,0.825,0.8228571428571428,0.8150510204081632,0.8072448979591836,0.795,0.7841326530612245,0.7726530612244898,0.7535204081632653,0.75,0.7379081632653062,0.735,0.722295918367347,0.7144897959183674,0.7183163265306123,0.6852551020408163,0.6825,0.675,0.6679591836734694,0.66,0.6523469387755101,0.6445408163265306,0.63,0.63,0.6225,0.6075,0.6,0.6,0.5925,0.5820918367346939,0.5774999999999999,0.57,0.57,0.57,0.565561224489796,0.5625,0.5574489795918367,0.555,0.5455102040816326,0.5459693877551021,0.5337244897959184,0.525,0.5175,0.49591836734693884,0.3225
fwHhuHVNR4I,transcripts,1WCADbsxFjkMfrC8n7uEm-fP46zW1NQnE,1010.3000000000001,297,136000,0.09108910891089109,0.046534653465346534,0.015841584158415842,0.0891089108910891,0.07425742574257425,0.017821782178217824,0.0019801980198019802,0.0891089108910891,0.02871287128712871,0.026732673267326736,114,69,101,1,0.9,3,1,0.14356435643564355,5,0,0.706930693069307,3.1500277892042594,0.0,0.5676384073442897,6.34,4.723333333333333,0.04333333333333333,140.59466666666668,0.1292079207920792,0.04554455445544554,0.23267326732673269,0.07227722772277227,0.12277227722772277,0.0,5,0.753203947368421,0.7752631578947369,0.39,1.0,0.8924999999999998,0.8621052631578947,0.7681578947368422,0.6296052631578948,0.765,0.8656578947368422,0.825,0.8107894736842106,0.7922368421052631,0.7752631578947369,0.7575,0.7425,0.7275,0.72,0.7053947368421053,0.6959210526315789,0.6789473684210526,0.66,0.39,1.0,0.9800510204081633,0.8993877551020408,0.8925,0.8825510204081632,0.866938775510204,0.843826530612245,0.8014285714285714,0.7380612244897958,0.6272448979591837,0.6166836734693878,0.6258673469387755,0.6818877551020408,0.765,0.7896428571428572,0.8845408163265306,0.8576020408163265,0.857295918367347,0.825,0.8175,0.81,0.8164285714285714,0.810765306122449,0.7954591836734695,0.7801530612244898,0.78,0.7720408163265305,0.771734693877551,0.7575,0.75,0.7424999999999999,0.7425,0.735,0.7275,0.724591836734694,0.7275,0.72,0.7125,0.7125,0.705,0.7022448979591837,0.6975,0.69,0.6881632653061224,0.676530612244898,0.6675,0.66,0.653112244897959,0.5364795918367351,0.39
FYbEJ3oRgFk,transcripts,1QNSjU2uB5cQItIUr1pQCbS8t2AbcGLux,381.54,150,136000,0.062,0.004,0.024,0.0,0.0,0.005,0.0,0.019,0.0,0.0,17,17,100,0,0.9,0,0,0.091,0,0,0.815,0.9725555555555556,0.0,0.62,0.48,0.885,0.03,89.82520000000001,0.07400000000000001,0.105,0.155,0.0815,0.14,0.0,5,0.36444736842105263,0.30513157894736836,0.3075,1.0,0.6150000000000001,0.3473684210526316,0.36,0.33,0.33,0.3075,0.34421052631578947,0.36,0.3075,0.30513157894736836,0.29921052631578954,0.3075,0.3075,0.2838157894736842,0.3075,0.285,0.2944736842105262,0.2897368421052633,0.3075,1.0,0.8311224489795919,0.731326530612245,0.4992857142857142,0.40683673469387754,0.3569387755102041,0.3075,0.315,0.35510204081632657,0.3355102040816327,0.33,0.33,0.3075,0.33,0.3514285714285715,0.32311224489795914,0.3148469387755101,0.32219387755102047,0.34102040816326534,0.3416326530612244,0.36,0.36,0.36,0.3075,0.33,0.33,0.29556122448979594,0.3075,0.285,0.33,0.3075,0.3075,0.3075,0.3075,0.3075,0.3075,0.279030612244898,0.285,0.3024489795918366,0.3075,0.285,0.285,0.285,0.3075,0.2872959183673471,0.285,0.3075,0.285,0.30704081632653074,0.3075
FZ4waB-THOA,transcripts,1GI1cYwHTV3cY4HVWi0dRjjFNLZOKIdvr,1532.52,263,136000,0.07326732673267326,0.03564356435643565,0.012871287128712872,0.0019801980198019802,0.0,0.0,0.008910891089108912,0.07029702970297029,0.0019801980198019802,0.0049504950495049506,146,77,101,1,0.9,3,1,0.20693069306930692,12,3,0.6712871287128712,2.0882527058997646,0.0,0.9242915037032685,2.9019607843137254,3.2513071895424837,0.1011437908496732,142.50830065359477,0.14752475247524752,0.0891089108910891,0.22821782178217823,0.05396039603960396,0.1316831683168317,0.1,5,0.636953947368421,0.610263157894737,0.3825,1.0,0.8344736842105263,0.81,0.781578947368421,0.7496052631578948,0.7101315789473684,0.6856578947368421,0.66,0.6442105263157895,0.6272368421052632,0.610263157894737,0.5932894736842105,0.57,0.5443421052631578,0.525,0.5178947368421052,0.5084210526315789,0.5025,0.4819736842105262,0.3825,1.0,0.8981632653061226,0.8393877551020408,0.8390816326530611,0.8300510204081633,0.81,0.81,0.7928571428571429,0.78,0.7697448979591837,0.754438775510204,0.7391326530612246,0.7238265306122449,0.7085204081632653,0.6857142857142857,0.6870918367346939,0.6776020408163266,0.6675,0.66,0.6541836734693877,0.6463775510204082,0.6385714285714286,0.631530612244898,0.6295408163265307,0.6225,0.615,0.6075,0.6,0.5989285714285714,0.5863775510204082,0.5774999999999999,0.57,0.560204081632653,0.5475,0.54,0.5325,0.525,0.525,0.525,0.513061224489796,0.51,0.51,0.5025,0.49683673469387757,0.5025,0.495,0.4875,0.4731122448979591,0.465,0.3825
GfEdSBXxyHA,transcripts,1ssRoCA4UenpyNFdMZ098yYNpZPfNOBam,1427.9,507,136000,0.039603960396039604,0.007920792079207921,0.010891089108910892,0.007920792079207921,0.039603960396039604,0.00891089108910891,0.0,0.04455445544554455,0.0,0.0019801980198019802,113,64,101,1,0.9,1,1,0.14356435643564355,5,0,0.7386138613861386,2.212484942329233,0.0,0.8652820907146167,3.372549019607843,1.476654500183912,0.07212885154061624,141.93819228701582,0.17673267326732675,0.06485148514851485,0.22772277227722773,0.0900990099009901,0.15346534653465346,0.0,5,0.7018092105263157,0.6825,0.3675,1.0,0.8305263157894737,0.81,0.8025,0.795,0.7725,0.75,0.7373684210526316,0.7275,0.7077631578947368,0.6825,0.6757894736842106,0.6738157894736843,0.6556578947368421,0.6323684210526316,0.6228947368421053,0.6165789473684211,0.5964473684210526,0.5794736842105263,0.3675,1.0,0.9422448979591836,0.8462755102040816,0.8240816326530611,0.8087755102040817,0.81,0.8156632653061224,0.8025,0.8000510204081632,0.795,0.795,0.7983673469387755,0.7838265306122449,0.7725,0.7682142857142857,0.7529081632653061,0.75,0.75,0.7389795918367347,0.7291836734693877,0.7213775510204081,0.7275,0.713265306122449,0.7054591836734693,0.7125,0.6898469387755101,0.6824999999999999,0.6825,0.6814285714285715,0.6736224489795919,0.6675,0.6730102040816327,0.6525,0.6525,0.6629081632653062,0.6417857142857142,0.6339795918367346,0.63,0.63,0.6225,0.6177551020408164,0.6125510204081633,0.6117857142857144,0.6,0.594030612244898,0.5862244897959185,0.5850000000000001,0.5774999999999999,0.5631122448979593,0.3675
gkSAR3jbMjA,transcripts,1x9XyUceO2ORLojPinRyIg8s45T3wOc0-,949.3,174,136000,0.121,0.023,0.046,0.055,0.008,0.011000000000000001,0.0,0.051,0.005,0.01,149,83,100,1,0.9,2,1,0.187,14,3,0.6709999999999999,2.571418856038233,0.0,0.7693941032695357,4.764705882352941,4.356209150326797,0.04575163398692811,141.07192810457516,0.13,0.1105,0.213,0.0475,0.169,0.0,4,0.8080131578947368,0.8119736842105263,0.51,1.0,0.9055263157894737,0.8775,0.8700000000000001,0.8621052631578947,0.8475,0.8325,0.8325,0.8175,0.81,0.8119736842105263,0.8025,0.795,0.784342105263158,0.7725,0.7728947368421053,0.7725,0.7539473684210526,0.7294736842105263,0.51,1.0,0.9944387755102041,0.9143877551020408,0.8990816326530612,0.8562244897959184,0.8775,0.8775,0.8753571428571428,0.8675510204081633,0.8625,0.8625,0.855,0.851326530612245,0.8475,0.8475,0.8354081632653061,0.8325,0.8406122448979592,0.8325,0.8266836734693876,0.8175000000000001,0.8175,0.810765306122449,0.81,0.81,0.8025,0.8175000000000001,0.8025,0.8025,0.795,0.795,0.795,0.8031122448979592,0.7875,0.78,0.78,0.7725,0.7763265306122449,0.78,0.7725,0.765,0.7700510204081633,0.7671428571428572,0.7593367346938775,0.7515306122448979,0.75,0.7359183673469388,0.7206122448979592,0.7053061224489796,0.51
GthDbmZFW-w,transcripts,1i5_yNIuFN7yQLHRisQBrBcFS4WyaklPy,1337.28,327,136000,0.139,0.043,0.038,0.034,0.018000000000000002,0.006,0.013000000000000001,0.05,0.008,0.013000000000000001,149,78,100,1,0.9,3,1,0.162,0,2,0.6970000000000001,2.3188829173349297,0.0,0.8879923739830861,2.823529411764706,2.562457205104264,0.09967320261437908,140.52664877061937,0.1805,0.08449999999999999,0.262,0.1025,0.152,0.0,5,0.6697763157894736,0.6722368421052631,0.3075,1.0,0.7780263157894737,0.7614473684210527,0.7752631578947368,0.7571052631578947,0.7401315789473685,0.72,0.705,0.706578947368421,0.6722368421052631,0.6722368421052631,0.654078947368421,0.6288157894736842,0.619342105263158,0.6098684210526316,0.6,0.583421052631579,0.5625,0.5419736842105263,0.3075,1.0,0.9038265306122448,0.7868877551020408,0.7715816326530612,0.7637755102040816,0.759030612244898,0.684795918367347,0.6932142857142858,0.7775510204081633,0.7547448979591836,0.7575,0.7466326530612245,0.7461734693877551,0.7385204081632654,0.735,0.722908163265306,0.72,0.7072959183673468,0.705,0.6991836734693877,0.69,0.7178571428571427,0.6975,0.6759183673469388,0.6675,0.6601530612244899,0.675,0.688469387755102,0.6653571428571428,0.6525,0.6416326530612245,0.6280102040816327,0.6322959183673469,0.6322959183673468,0.6179081632653061,0.6385714285714286,0.6114795918367346,0.6036734693877551,0.6,0.595561224489796,0.5925,0.5825510204081633,0.5774999999999999,0.5643367346938776,0.5625,0.5837755102040816,0.5493367346938776,0.54,0.5034183673469388,0.3075
gYHHQNT6100,transcripts,1vcBkxA3nhLdk_PMzmwybhECJLQ7JuQ6j,1417.44,465,136000,0.106,0.026000000000000002,0.063,0.031,0.03,0.001,0.005,0.059,0.021,0.013000000000000001,105,64,100,1,0.9,3,1,0.13699999999999998,2,1,0.731,2.333941518837752,0.0,0.8490828931144705,6.176470588235294,3.0476968565203855,0.03169934640522876,139.89583722377841,0.191,0.135,0.2705,0.1115,0.196,0.1,5,0.550546052631579,0.5052631578947369,0.2625,1.0,0.78,0.7535526315789474,0.6975,0.6596052631578947,0.5794736842105261,0.5988157894736843,0.5561842105263158,0.5325,0.51,0.5052631578947369,0.4875,0.4725,0.4575,0.4476315789473685,0.435,0.4275,0.43144736842105263,0.4164473684210525,0.2625,1.0,0.8900510204081632,0.7937755102040817,0.7790816326530612,0.7725,0.755969387755102,0.7294897959183674,0.7028571428571428,0.6950510204081632,0.6694897959183673,0.66,0.6525,0.6044387755102041,0.5859183673469388,0.6117857142857144,0.6104081632653061,0.5876020408163266,0.5670918367346939,0.5569897959183674,0.5566836734693879,0.5413775510204082,0.5325,0.531734693877551,0.5104591836734694,0.5026530612244897,0.51,0.5015816326530612,0.48673469387755103,0.4875,0.47862244897959183,0.47250000000000003,0.4724999999999999,0.46499999999999997,0.4575,0.45459183673469394,0.4467857142857143,0.4460204081632654,0.4425,0.435,0.435,0.4275,0.4275,0.43821428571428567,0.4556632653061225,0.4290306122448979,0.42122448979591837,0.4265816326530612,0.4125,0.40561224489795933,0.2625
hnyYg62DY4E,transcripts,1HI4EgZv-mtiUVasL89A47rV6B-t1RpvI,1200.56,477,136000,0.1306930693069307,0.008910891089108912,0.061386138613861385,0.020792079207920793,0.00693069306930693,0.0019801980198019802,0.0029702970297029703,0.041584158415841586,0.0029702970297029703,0.00891089108910891,103,66,101,1,0.9,2,1,0.12673267326732673,6,1,0.7524752475247525,2.5280870273517335,0.0,0.7888583910642734,3.588235294117647,3.091503267973856,0.04738562091503268,134.0845751633987,0.17524752475247524,0.15148514851485148,0.2376237623762376,0.12326732673267327,0.2376237623762376,0.1,5,0.6428552631578948,0.634736842105263,0.2925,1.0,0.8285526315789473,0.7910526315789473,0.766578947368421,0.7653947368421052,0.7401315789473685,0.72,0.6860526315789474,0.6607894736842106,0.6422368421052631,0.634736842105263,0.6,0.5774999999999999,0.5668421052631578,0.5498684210526316,0.5253947368421052,0.5175,0.5025,0.4894736842105263,0.2925,1.0,0.934438775510204,0.8393877551020408,0.8175,0.8087755102040817,0.793469387755102,0.8080102040816326,0.7832142857142856,0.7649999999999999,0.78,0.7694387755102041,0.7758673469387756,0.7614795918367347,0.7385204081632654,0.7232142857142857,0.72,0.7151020408163266,0.7125,0.6884693877551019,0.6766836734693878,0.6613775510204082,0.6664285714285714,0.654030612244898,0.645,0.6448469387755102,0.63,0.6365816326530612,0.614234693877551,0.6,0.6,0.5908163265306123,0.5774999999999999,0.5774999999999999,0.57,0.5625,0.555,0.5514795918367347,0.54,0.5325,0.525,0.5325,0.5199489795918366,0.5121428571428571,0.5043367346938775,0.5025,0.495,0.495,0.4806122448979591,0.4221428571428574,0.2925
ib29EiVnmJM,transcripts,1YpFpVNStmPPsP9B3anv8dB72cFclHGI4,1599.12,333,136000,0.16633663366336635,0.15148514851485148,0.10495049504950495,0.017821782178217824,0.01485148514851485,0.0,0.05544554455445544,0.03762376237623762,0.009900990099009901,0.0009900990099009901,208,89,101,0,0.9,0,0,0.22178217821782176,4,2,0.6777227722772278,1.7185887445887444,0.0,0.9537186147186147,2.8,3.1618333333333335,0.11833333333333335,139.68991666666668,0.15445544554455445,0.1099009900990099,0.23861386138613863,0.027227722772277228,0.1613861386138614,0.0,4,0.567125,0.5052631578947369,0.36,1.0,0.8025,0.7610526315789473,0.735,0.6592105263157895,0.5897368421052631,0.5774999999999999,0.57,0.54,0.5194736842105263,0.5052631578947369,0.49578947368421056,0.4886842105263158,0.48,0.4724999999999999,0.465,0.4559210526315789,0.43894736842105264,0.42592105263157876,0.36,1.0,0.8903571428571428,0.8162755102040817,0.7997448979591837,0.7775510204081633,0.763469387755102,0.7483163265306122,0.7189285714285715,0.7227551020408163,0.69,0.6733163265306124,0.6416326530612244,0.6114795918367347,0.5929591836734694,0.5774999999999999,0.5804081632653061,0.5774999999999999,0.5722959183673468,0.57,0.5566836734693879,0.5488775510204081,0.54,0.5332653061224489,0.525,0.51,0.5173469387755101,0.5025,0.5025,0.5014285714285713,0.495,0.49331632653061225,0.4894897959183673,0.48,0.4848979591836734,0.47709183673469385,0.4725,0.4724999999999999,0.465,0.465,0.465,0.465,0.4575,0.44999999999999996,0.4425,0.436530612244898,0.435,0.4415816326530612,0.40622448979591835,0.3828061224489796,0.36
ie3vumn9Je4,transcripts,1DfvYMMMUMXq5XvTwH1qHQnszTq3eHARh,816.3199999999999,129,136000,0.1891089108910891,0.032673267326732675,0.060396039603960394,0.023762376237623763,0.047524752475247525,0.00693069306930693,0.009900990099009901,0.023762376237623763,0.005940594059405941,0.008910891089108912,147,80,101,1,0.9,2,1,0.1801980198019802,12,2,0.6970297029702971,2.7783639211665525,0.0,0.8210196324143691,3.56,3.478333333333333,0.11166666666666666,136.34376666666668,0.1099009900990099,0.1485148514851485,0.2207920792079208,0.03613861386138614,0.20693069306930692,0.1,4,0.5984671052631578,0.574736842105263,0.2175,1.0,0.766578947368421,0.7432894736842105,0.7425,0.7125,0.6951315789473684,0.6675,0.6311842105263157,0.6067105263157895,0.5897368421052631,0.574736842105263,0.5625,0.5475,0.5368421052631579,0.5123684210526315,0.5025,0.495,0.4578947368421053,0.4073684210526313,0.2175,1.0,0.9251020408163266,0.7862755102040816,0.7472448979591837,0.7337755102040816,0.7336224489795918,0.7425,0.7371428571428572,0.7400510204081634,0.7247448979591837,0.7125,0.7125,0.7013265306122449,0.6935204081632653,0.6782142857142858,0.6675,0.6626020408163266,0.647295918367347,0.6319897959183673,0.6241836734693877,0.6088775510204082,0.6010714285714286,0.6209693877551021,0.5938775510204082,0.5850000000000001,0.57734693877551,0.5770408163265306,0.5625,0.5625,0.57,0.5608163265306123,0.5475,0.545204081632653,0.54,0.5325,0.5217857142857143,0.5139795918367346,0.5136734693877552,0.5058673469387754,0.5025,0.5025,0.495,0.48964285714285716,0.47617346938775507,0.45306122448979586,0.4550510204081632,0.43683673469387757,0.31484693877550984,0.24061224489795927,0.2175
IgJxh-fJTBU,transcripts,1ZY8bO1SH68W0rFOlZtQ92OjkOAllSzLg,1194.54,336,136000,0.0801980198019802,0.01782178217821782,0.039603960396039604,0.032673267326732675,0.021782178217821784,0.0,0.005940594059405941,0.019801980198019802,0.022772277227722775,0.025742574257425745,149,78,101,1,0.9,3,1,0.17524752475247524,7,0,0.7079207920792079,2.232304890739147,0.0,0.7375188280897623,4.352941176470588,3.977124183006536,0.10294117647058823,132.93326797385623,0.12326732673267328,0.10495049504950495,0.20693069306930695,0.05415841584158416,0.19504950495049506,0.1,5,0.7028947368421052,0.6852631578947368,0.5025,1.0,0.8980263157894737,0.6998684210526315,0.7117105263157895,0.81,0.7949999999999999,0.7681578947368422,0.75,0.7267105263157896,0.705,0.6852631578947368,0.6682894736842105,0.645,0.6343421052631579,0.63,0.6446052631578947,0.6209210526315789,0.5925,0.57,0.5025,1.0,0.9806632653061225,0.9137755102040817,0.8906632653061224,0.8537755102040816,0.7627040816326531,0.6111734693877552,0.6417857142857143,0.7568877551020409,0.8222448979591837,0.81,0.81,0.8025,0.795,0.7907142857142857,0.7812244897959184,0.7601020408163265,0.752295918367347,0.75,0.7441836734693877,0.7302551020408163,0.7210714285714286,0.713265306122449,0.7054591836734693,0.6976530612244899,0.69,0.6829591836734693,0.681734693877551,0.6739285714285714,0.6675,0.6583163265306123,0.645,0.642704081632653,0.6375,0.63,0.6332142857142857,0.63,0.63,0.6341326530612245,0.6538775510204081,0.6280102040816327,0.6225,0.6096428571428573,0.6,0.5925,0.5850000000000001,0.5709183673469388,0.5631122448979592,0.5406122448979592,0.5025
iKGmIRAfmCM,transcripts,18906j79Ku6APDOaNiVajL_qyPwcC-s8w,763.36,181,136000,0.087,0.057999999999999996,0.048,0.07400000000000001,0.06,0.009000000000000001,0.013999999999999999,0.105,0.005,0.012,118,69,100,1,0.9,2,1,0.223,2,2,0.6459999999999999,1.6096269841269841,0.0,0.9471428571428571,1.48,1.848,0.08833333333333333,138.46320000000003,0.154,0.059,0.212,0.0415,0.14800000000000002,0.0,4,0.7735526315789474,0.8025,0.54,1.0,0.8980263157894737,0.8585526315789473,0.8700000000000001,0.855,0.8526315789473684,0.7815789473684212,0.5873684210526317,0.6177631578947372,0.8147368421052632,0.8025,0.7807894736842105,0.7725,0.765,0.7551315789473684,0.7496052631578948,0.740921052631579,0.7239473684210527,0.7050000000000001,0.54,1.0,0.9977551020408163,0.9137755102040817,0.8915816326530612,0.8762755102040816,0.8609693877551021,0.8643367346938776,0.87,0.87,0.8625,0.855,0.855,0.855,0.8510204081632653,0.8432142857142857,0.827908163265306,0.6569387755102041,0.5810204081632653,0.5889795918367347,0.6365816326530613,0.6183673469387756,0.6910714285714282,0.8338775510204083,0.8179591836734694,0.8173469387755101,0.8098469387755103,0.8025,0.795,0.7864285714285714,0.78,0.78,0.7725,0.765,0.765,0.765,0.7542857142857142,0.7535204081632654,0.7536734693877551,0.7458673469387755,0.745561224489796,0.7425,0.7424999999999999,0.7349999999999999,0.7293367346938776,0.7215306122448979,0.7137244897959184,0.7059183673469388,0.6981122448979591,0.6903061224489795,0.54
iP_siVZjbzc,transcripts,1N7e_hJqcrich76vOJCTKZgyX1jVBVxjk,1122.72,190,136000,0.053,0.047,0.019,0.017,0.01,0.0,0.033,0.044000000000000004,0.006999999999999999,0.0,145,75,100,0,0.9,0,1,0.18,6,0,0.691,1.8201426024955436,0.0,0.9338235294117647,1.5294117647058822,2.2774509803921568,0.2124183006535948,138.02,0.18,0.0395,0.19949999999999998,0.0405,0.141,0.1,5,0.6605000000000001,0.6375,0.345,1.0,0.8060526315789474,0.8025,0.7740789473684211,0.7571052631578947,0.735,0.7125,0.6911842105263157,0.6682894736842105,0.645,0.6375,0.6232894736842106,0.615,0.615,0.5850000000000001,0.5774999999999999,0.555,0.54,0.525,0.345,1.0,0.934438775510204,0.8237755102040816,0.795,0.8037244897959184,0.8025,0.798826530612245,0.78,0.7725,0.7725,0.7619387755102041,0.75,0.7425,0.735,0.7232142857142857,0.7125,0.7076020408163265,0.6997959183673469,0.6919897959183674,0.6841836734693877,0.6675,0.6739285714285714,0.6599999999999999,0.6454591836734694,0.6376530612244897,0.6448469387755102,0.6375,0.63,0.6289285714285714,0.6225,0.6208163265306123,0.615,0.6075,0.6101020408163266,0.6091836734693878,0.5925,0.5850000000000001,0.5850000000000001,0.5774999999999999,0.5730612244897959,0.5652551020408163,0.5574489795918367,0.5496428571428572,0.5418367346938776,0.54,0.5262244897959184,0.525,0.5043367346938774,0.4731122448979592,0.345
jPVQgOI33V0,transcripts,1Yt_a0_L_hI1hbdmn733iklJMkG0OeWcn,1152.16,141,136000,0.07200000000000001,0.063,0.033,0.023,0.006999999999999999,0.0,0.003,0.066,0.008,0.0,145,84,100,0,0.9,0,1,0.16699999999999998,14,2,0.696,2.278566041801336,0.0,0.78306279776868,2.7254901960784315,2.2584967320261438,0.06045751633986928,138.04464052287582,0.16149999999999998,0.081,0.242,0.055,0.136,0.1,4,0.6767828947368421,0.66,0.3975,1.0,0.8285526315789473,0.8025,0.7740789473684211,0.7646052631578947,0.7401315789473685,0.7156578947368422,0.6986842105263158,0.6915789473684211,0.6702631578947369,0.66,0.645,0.6288157894736842,0.611842105263158,0.6075,0.6,0.5850000000000001,0.57,0.5439473684210525,0.3975,1.0,0.9491326530612245,0.8462755102040816,0.8175,0.81,0.8025,0.7875,0.7853571428571428,0.7725,0.765,0.765,0.7541326530612245,0.7463265306122449,0.7385204081632654,0.735,0.722908163265306,0.7125,0.7072959183673468,0.6994897959183674,0.6975,0.6913775510204081,0.7028571428571427,0.675765306122449,0.6679591836734694,0.675,0.66,0.6595408163265307,0.6525000000000001,0.645,0.6436224489795919,0.63,0.6280102040816327,0.6225,0.615,0.6075,0.6075,0.6075,0.6075,0.6033673469387755,0.6,0.6027551020408164,0.5874489795918367,0.5796428571428571,0.5718367346938775,0.57,0.5625,0.555,0.4986734693877549,0.4131122448979592,0.3975
jTtvWTti3b0,transcripts,1IuYSV5kuk_Zu06MM2Gh0ZZrXRPVZIk3Y,1597.12,245,136000,0.19405940594059407,0.0891089108910891,0.14207920792079207,0.016831683168316833,0.0049504950495049506,0.0,0.046534653465346534,0.02772277227722772,0.0009900990099009901,0.0039603960396039604,194,80,101,1,0.9,2,1,0.22871287128712872,6,7,0.6613861386138613,1.9832590457863633,0.0,0.8512633812897882,4.901960784313726,3.9199346405228757,0.1650326797385621,138.76192810457516,0.13514851485148516,0.12425742574257427,0.21584158415841584,0.026237623762376237,0.1613861386138614,0.1,5,0.5612236842105263,0.5325,0.3975,1.0,0.7160526315789473,0.6525,0.631578947368421,0.6,0.5948684210526316,0.5806578947368422,0.5625,0.5475,0.5352631578947369,0.5325,0.5182894736842105,0.51,0.5068421052631579,0.48750000000000004,0.48,0.47092105263157885,0.4575,0.4425,0.3975,1.0,0.8444387755102041,0.7406632653061225,0.705,0.6812755102040816,0.6525,0.645,0.6428571428571428,0.63,0.6197448979591837,0.6044387755102041,0.6,0.5925,0.5964795918367347,0.5946428571428573,0.5850000000000001,0.5774999999999999,0.57,0.5625,0.5625,0.555,0.5475,0.540765306122449,0.5329591836734694,0.54,0.5398469387755102,0.5320408163265306,0.525,0.5239285714285714,0.5188775510204081,0.5158163265306123,0.51,0.51,0.51,0.4995918367346939,0.495,0.4875,0.4875,0.4833673469387755,0.48,0.47525510204081634,0.47250000000000003,0.4650000000000001,0.465,0.4575,0.45627551020408164,0.4434183673469388,0.4425,0.435,0.3975
JXTBwlW02No,transcripts,1MTN3-zbvbd47gpf-clqey8DEhCVWY9q_,719.16,245,136000,0.034653465346534656,0.012871287128712872,0.00891089108910891,0.01881188118811881,0.021782178217821784,0.00693069306930693,0.005940594059405941,0.07326732673267328,0.0,0.0,70,56,101,1,0.9,1,1,0.2108910891089109,6,0,0.6742574257425742,1.5978602552131964,0.0,0.8120915032679739,1.2745098039215685,1.7908496732026142,0.09150326797385622,124.26679738562093,0.10693069306930694,0.009900990099009901,0.18118811881188118,0.047524752475247525,0.08118811881188118,0.0,4,0.7428618421052631,0.7322368421052632,0.45,1.0,0.825,0.8175,0.8115789473684212,0.795,0.7874999999999999,0.78,0.7725,0.7642105263157895,0.7472368421052631,0.7322368421052632,0.72,0.705,0.6975,0.6975,0.6828947368421052,0.6840789473684211,0.6825,0.7050000000000001,0.45,1.0,0.9956122448979592,0.8318877551020408,0.825,0.8175,0.8175,0.8175,0.8175,0.81,0.8025,0.7994387755102041,0.7916326530612245,0.7875,0.7875,0.7875,0.7829081632653061,0.7751020408163265,0.7725,0.7725,0.7725,0.7738775510204082,0.7585714285714286,0.750765306122449,0.75,0.7498469387755102,0.7421938775510204,0.735,0.734234693877551,0.72,0.7275,0.7183163265306123,0.705,0.705,0.7023979591836734,0.6975,0.6975,0.6975,0.69,0.69,0.6825,0.6825,0.6825,0.6846428571428571,0.6825,0.6825,0.6887755102040816,0.7040816326530612,0.6981122448979591,0.6828061224489796,0.45
K5zVqoMMj3Y,transcripts,13DqaTuEnmHfp5FFuGgSKd4GAPw7Yuman,1111.44,383,136000,0.118,0.017,0.048,0.015,0.02,0.0,0.004,0.059,0.01,0.011000000000000001,71,48,100,1,0.9,3,1,0.12200000000000001,0,2,0.754,1.6742855728149846,0.0,0.866182836771072,1.803921568627451,1.5548786181139123,0.0326797385620915,127.45071661998134,0.165,0.11,0.247,0.10099999999999999,0.237,0.1,4,0.7186447368421052,0.7125,0.2925,1.0,0.8625,0.8628947368421053,0.8475,0.8096052631578947,0.7776315789473685,0.7681578947368422,0.7488157894736842,0.7417105263157895,0.7464473684210525,0.7125,0.6975,0.6232894736842104,0.6832894736842103,0.6525,0.6880263157894736,0.63,0.6260526315789474,0.6019736842105263,0.2925,1.0,0.9575510204081632,0.8831632653061224,0.8615816326530612,0.8475000000000001,0.8580612244897959,0.8961734693877551,0.8635714285714285,0.8450510204081633,0.8344897959183672,0.814438775510204,0.7991326530612245,0.7838265306122449,0.7760204081632653,0.7767857142857143,0.7725,0.765,0.75,0.7480102040816327,0.7558163265306123,0.7438775510204082,0.7360714285714286,0.735,0.7579591836734693,0.7275,0.7345408163265306,0.7134183673469389,0.7177040816326531,0.6975,0.6886224489795918,0.6557142857142857,0.6289285714285713,0.6958163265306121,0.6675,0.705,0.6642857142857143,0.6525,0.6486734693877552,0.6491326530612245,0.685561224489796,0.6375,0.63,0.63,0.6261734693877552,0.6284693877551021,0.6162244897959184,0.6075,0.5931122448979591,0.5202551020408166,0.2925
kifrPvJigCU,transcripts,15Qcqe5wk02axFTXeSXH9ecIc_m-W3vVS,677.74,83,136000,0.016831683168316833,0.00891089108910891,0.0,0.01386138613861386,0.0039603960396039604,0.0,0.0,0.05346534653465347,0.01881188118811881,0.0,116,66,101,1,0.9,2,1,0.1891089108910891,1,0,0.693069306930693,1.6358968253968253,0.0,0.8533333333333333,1.92,2.3166666666666664,0.1,129.04983333333334,0.1316831683168317,0.012871287128712872,0.18514851485148515,0.050990099009900994,0.08712871287128714,0.1,5,0.7352434210526316,0.730263157894737,0.4125,1.0,0.8380263157894736,0.8135526315789474,0.8325,0.8021052631578948,0.7725,0.7875,0.7811842105263158,0.75,0.7397368421052632,0.730263157894737,0.72,0.705,0.69,0.69,0.675,0.66,0.6525,0.6525,0.4125,1.0,0.9974489795918368,0.8606632653061225,0.8306632653061224,0.8187244897959184,0.8159693877551021,0.8081632653061225,0.8164285714285715,0.8251530612244898,0.7977551020408163,0.8025,0.795,0.7838265306122449,0.7725,0.7842857142857143,0.7904081632653062,0.7874999999999999,0.7875,0.7819897959183674,0.7741836734693878,0.7588775510204081,0.75,0.75,0.7425,0.7423469387755102,0.735,0.7270408163265306,0.72,0.72,0.72,0.7183163265306123,0.705,0.702704081632653,0.6948979591836735,0.69,0.69,0.69,0.6825,0.6783673469387755,0.670561224489796,0.6675,0.6624489795918367,0.6546428571428572,0.6525,0.6525,0.6525,0.6515816326530612,0.6525,0.6237244897959187,0.4125
lgeLlSArJXU,transcripts,1cjxUJ7NZ84edo5J0RI1sCNFE-CNJhIaX,1247.98,356,136000,0.08811881188118813,0.09306930693069307,0.025742574257425745,0.08712871287128712,0.05841584158415842,0.0049504950495049506,0.05841584158415842,0.04455445544554455,0.007920792079207921,0.0,157,83,101,1,0.95,3,1,0.25643564356435644,15,0,0.6396039603960395,2.620665039008692,0.0,0.7881250729547943,4.8431372549019605,3.3532679738562092,0.11405228758169934,139.49859477124184,0.13613861386138615,0.06188118811881188,0.23217821782178216,0.04207920792079208,0.12871287128712872,0.0,5,0.7116776315789474,0.7275,0.435,1.0,0.8660526315789473,0.8246052631578947,0.6675,0.825,0.8025,0.7681578947368422,0.7638157894736842,0.7567105263157894,0.7377631578947368,0.7275,0.7117105263157895,0.6738157894736843,0.6675,0.6375,0.615,0.5984210526315789,0.5850000000000001,0.57,0.435,1.0,0.9422448979591836,0.87,0.8540816326530613,0.8412244897959182,0.8294387755102041,0.7841326530612246,0.6621428571428571,0.6699489795918367,0.7767857142857144,0.8205612244897958,0.8216326530612245,0.81,0.8025,0.7907142857142857,0.775408163265306,0.765,0.7575000000000001,0.7630102040816327,0.7575000000000001,0.7636224489795919,0.7510714285714286,0.750765306122449,0.735,0.7351530612244899,0.7348469387755102,0.7270408163265306,0.7125,0.7060714285714286,0.7158673469387755,0.6808163265306122,0.6730102040816327,0.675,0.6723979591836735,0.6645918367346939,0.6492857142857142,0.6375,0.6261734693877552,0.615,0.6194387755102041,0.6027551020408164,0.6,0.5925,0.5868367346938776,0.5850000000000001,0.5850000000000001,0.5709183673469388,0.5631122448979592,0.555,0.435
LH3DvvXTxzc,transcripts,1NW9ykZaJqYzk7jWim-7C45C--e-qUVOp,970.04,185,136000,0.032673267326732675,0.02772277227722772,0.019801980198019802,0.01386138613861386,0.010891089108910892,0.0,0.0,0.07722772277227723,0.007920792079207921,0.007920792079207921,181,91,101,1,0.9,2,1,0.22178217821782176,2,0,0.6762376237623762,2.100265512265512,0.0,0.8539033189033189,2.5,2.9576666666666664,0.08333333333333334,139.95533333333336,0.09603960396039606,0.02871287128712871,0.1722772277227723,0.030693069306930693,0.100990099009901,0.1,5,0.6723223684210526,0.6525,0.4875,1.0,0.8546052631578948,0.7835526315789474,0.75,0.7575,0.7377631578947369,0.7081578947368421,0.6986842105263158,0.6825,0.675,0.6525,0.6375,0.6213157894736843,0.6075,0.5873684210526315,0.57,0.555,0.5475,0.5325,0.4875,1.0,0.9962244897959184,0.8762755102040816,0.8306632653061224,0.8075510204081633,0.785969387755102,0.7706632653061225,0.7607142857142857,0.7524489795918368,0.7622448979591836,0.7575,0.7575,0.7498469387755102,0.7345408163265307,0.72,0.7125,0.705,0.6997959183673469,0.6994897959183674,0.69,0.6838775510204081,0.6825,0.675765306122449,0.675,0.675,0.6598469387755103,0.6525,0.645,0.6375,0.6300000000000001,0.6283163265306122,0.6205102040816327,0.615,0.6075,0.6045918367346939,0.6,0.5889795918367347,0.573673469387755,0.57,0.565561224489796,0.5625,0.555,0.5496428571428572,0.5475,0.5475,0.54,0.5325,0.5325,0.5325,0.4875
lLoSngvynB8,transcripts,1bn4ovWV7Ke1nnF3sjlfAI0VbQ9XgVcf4,1264.3600000000001,263,136000,0.14800000000000002,0.127,0.051,0.052000000000000005,0.023,0.015,0.04,0.051,0.027000000000000003,0.009,220,98,100,1,0.95,3,1,0.258,39,8,0.628,1.7291726791726791,0.0,0.9269763460939932,3.607843137254902,2.541830065359477,0.10522875816993463,137.6763071895425,0.111,0.077,0.21600000000000003,0.0405,0.12300000000000001,0.1,4,0.7247039473684211,0.7152631578947368,0.435,1.0,0.9055263157894737,0.87,0.7211842105263159,0.7598684210526316,0.8025,0.795,0.7725,0.7507894736842106,0.7322368421052632,0.7152631578947368,0.6982894736842106,0.6888157894736842,0.675,0.6801315789473684,0.645,0.63,0.615,0.6019736842105263,0.435,1.0,0.9806632653061225,0.9143877551020408,0.9,0.8912755102040816,0.87,0.866326530612245,0.8367857142857144,0.6803571428571429,0.6722448979591837,0.7175510204081632,0.8025,0.81,0.8025,0.7982142857142858,0.795,0.7901020408163264,0.78,0.7725,0.765,0.7575,0.7564285714285713,0.7425,0.735,0.7275,0.72,0.7125,0.705,0.7039285714285713,0.6975,0.69,0.6880102040816327,0.6825,0.6798979591836735,0.672091836734694,0.6707142857142858,0.6785204081632654,0.6525,0.6483673469387755,0.645,0.6375,0.6324489795918367,0.6246428571428573,0.6225,0.615,0.615,0.6075,0.6,0.5928061224489797,0.435
lYAEH2n3I58,transcripts,1fhCWPEs6ywQxYP99hxO9AHZ60iaZo33x,1589.88,374,136000,0.18217821782178217,0.09603960396039603,0.05346534653465347,0.04950495049504951,0.034653465346534656,0.011881188118811881,0.031683168316831684,0.05742574257425742,0.0039603960396039604,0.01881188118811881,208,93,101,1,0.9,3,1,0.15643564356435644,11,3,0.7148514851485149,2.509470703153056,0.0,0.7588512885807003,6.1,3.5756666666666668,0.13366666666666668,142.08663333333334,0.14207920792079207,0.10940594059405942,0.22673267326732677,0.06752475247524753,0.15742574257425743,0.1,4,0.5679736842105263,0.5427631578947368,0.2925,1.0,0.7985526315789473,0.6114473684210526,0.7476315789473684,0.6892105263157895,0.6576315789473685,0.6181578947368421,0.6694736842105266,0.5842105263157895,0.574736842105263,0.5427631578947368,0.5107894736842106,0.495,0.483157894736842,0.45236842105263153,0.435,0.4184210526315789,0.40144736842105266,0.37697368421052624,0.2925,1.0,0.9056632653061224,0.8300510204081634,0.7838265306122448,0.6814285714285714,0.609030612244898,0.615,0.645,0.745408163265306,0.6975,0.69,0.6783673469387755,0.663826530612245,0.6560204081632653,0.6632142857142858,0.6254081632653061,0.6101020408163266,0.6,0.6606122448979594,0.6401020408163265,0.5938775510204082,0.5785714285714285,0.5834693877551022,0.5779591836734693,0.5553061224489796,0.5548469387755102,0.5418367346938776,0.5602040816326531,0.5164285714285713,0.5011224489795918,0.5083163265306123,0.495,0.4875,0.48,0.48459183673469386,0.4660714285714285,0.45397959183673464,0.44617346938775515,0.4383673469387755,0.43056122448979595,0.4275,0.42,0.4125,0.4125,0.39903061224489794,0.3912244897959184,0.3825,0.36811224489795913,0.3384183673469389,0.2925
M0IdDCUNivM,transcripts,1F0SEbZrWEHy_MGPeRLUQ-pjaziUHk2GB,2621.44,797,136000,0.1188118811881188,0.05148514851485149,0.07326732673267326,0.010891089108910892,0.017821782178217824,0.00693069306930693,0.02277227722772277,0.033663366336633666,0.009900990099009901,0.0039603960396039604,252,81,101,1,0.9,2,0,0.24257425742574257,6,3,0.654950495049505,2.00053236091394,0.0,0.9452205513784462,5.94,3.696095238095238,0.20604761904761904,141.9300761904762,0.18316831683168316,0.11188118811881188,0.2504950495049505,0.06158415841584158,0.19504950495049506,0.0,4,0.38722368421052633,0.315,0.2475,1.0,0.6442105263157895,0.5510526315789473,0.49815789473684213,0.4421052631578947,0.4125,0.38565789473684214,0.3611842105263157,0.3375,0.3225,0.315,0.31421052631578944,0.2925,0.285,0.2775,0.2703947368421053,0.27,0.2625,0.255,0.2475,1.0,0.8153571428571429,0.7564285714285715,0.5990816326530612,0.5762755102040815,0.553469387755102,0.5306632653061224,0.5207142857142857,0.49255102040816323,0.48198979591836727,0.4513775510204082,0.43163265306122445,0.4163265306122449,0.4125,0.405,0.3958163265306123,0.37760204081632653,0.375,0.3619897959183673,0.3541836734693877,0.345,0.3375,0.32999999999999996,0.3229591836734694,0.3225,0.315,0.31454081632653064,0.3075,0.3085714285714286,0.30137755102040814,0.2925,0.2925,0.285,0.285,0.2820918367346939,0.2775,0.2775,0.2813265306122449,0.2775,0.27,0.27474489795918366,0.27,0.27,0.2625,0.2625,0.2625,0.255,0.255,0.255,0.2475
mBzEZBF1a_U,transcripts,1Tvhdx_mmhik3hOCy7LNWd--_qdfK10xJ,1198.04,330,136000,0.031683168316831684,0.05643564356435644,0.016831683168316833,0.041584158415841586,0.06534653465346535,0.0,0.011881188118811881,0.034653465346534656,0.01386138613861386,0.0019801980198019802,155,73,101,1,0.95,3,1,0.19801980198019803,6,0,0.6772277227722773,1.4762371615312793,0.0,1.0,3.215686274509804,2.7731559290382823,0.04248366013071895,143.12989729225023,0.1613861386138614,0.04108910891089109,0.20495049504950494,0.03811881188118812,0.12673267326732673,0.0,5,0.4492171052631579,0.4302631578947369,0.255,1.0,0.5435526315789474,0.5214473684210527,0.42828947368421055,0.4290789473684211,0.4725,0.4650000000000001,0.4575,0.44921052631578945,0.43499999999999994,0.4302631578947369,0.41999999999999993,0.405,0.3975,0.39,0.3825,0.375,0.3675,0.36,0.255,1.0,0.7804591836734694,0.5681632653061225,0.5315816326530612,0.5312755102040816,0.519030612244898,0.5175,0.5035714285714286,0.40760204081632656,0.389234693877551,0.4097448979591837,0.4608673469387755,0.4725,0.4725,0.47678571428571426,0.46499999999999997,0.465,0.459795918367347,0.4575,0.45168367346938776,0.45,0.4435714285714286,0.44326530612244897,0.43499999999999994,0.435,0.435,0.4270408163265306,0.42000000000000004,0.42,0.42,0.4166326530612245,0.405,0.4027040816326531,0.39749999999999996,0.3945918367346939,0.39,0.39,0.3825,0.3825,0.37806122448979596,0.375,0.375,0.375,0.36933673469387757,0.3675,0.36749999999999994,0.36,0.36,0.34530612244897957,0.255
Mc0b511IaVU,transcripts,1tTFOvKT9D1Arj325G-cT689vpqunEX1P,1107.96,408,136000,0.163,0.027999999999999997,0.064,0.013999999999999999,0.028999999999999998,0.028999999999999998,0.0,0.039,0.023000000000000003,0.0,107,63,100,0,1.0,0,1,0.16,3,0,0.72,2.056095238095238,0.0,0.98,0.92,1.564857142857143,0.11333333333333334,141.76598571428573,0.1285,0.09849999999999999,0.21850000000000003,0.0975,0.152,0.1,4,0.7292434210526315,0.7227631578947369,0.42,1.0,0.8905263157894736,0.8696052631578948,0.8340789473684211,0.8246052631578947,0.8025,0.78,0.7586842105263157,0.75,0.7275,0.7227631578947369,0.6975,0.69,0.671842105263158,0.6548684210526315,0.6453947368421052,0.63,0.615,0.6,0.42,1.0,0.9803571428571428,0.9062755102040816,0.885,0.8925,0.8744387755102041,0.855,0.8453571428571429,0.8300510204081633,0.8427551020408164,0.8294387755102041,0.8141326530612245,0.81,0.8025,0.7992857142857144,0.7829081632653061,0.7751020408163265,0.765,0.7594897959183673,0.75,0.75,0.75,0.735765306122449,0.7279591836734695,0.7275,0.7275,0.72,0.713265306122449,0.6975,0.69,0.69,0.69,0.69,0.6798979591836735,0.6675,0.66,0.6564795918367347,0.6525,0.6525,0.645,0.6375,0.6324489795918367,0.6353571428571428,0.6336734693877552,0.615,0.6087244897959185,0.6,0.5931122448979591,0.5706122448979591,0.42
mM6sYTdPZ-0,transcripts,1bL59BPMpjlUJlI6p568cw6PawQJO0yQ-,333.76,74,136000,0.025,0.008,0.01,0.011000000000000001,0.0,0.003,0.0,0.037000000000000005,0.008,0.001,43,37,100,0,0.9,0,1,0.16,0,0,0.6940000000000001,1.6230000000000002,0.0,0.852,0.8,1.9,0.16,126.6568,0.168,0.081,0.21100000000000002,0.0575,0.153,0.1,4,0.7263815789473684,0.727894736842105,0.465,1.0,0.93,0.841578947368421,0.7598684210526316,0.735,0.735,0.8025,0.735,0.735,0.735,0.727894736842105,0.6675,0.6675,0.6675,0.735,0.6675,0.6675,0.6,0.6532894736842101,0.465,1.0,0.87,0.8724489795918368,0.93,0.93,0.8631122448979591,0.8025,0.8025,0.7350000000000001,0.735,0.735,0.735,0.735,0.735,0.7735714285714284,0.8025,0.7804591836734696,0.735,0.735,0.735,0.735,0.735,0.735,0.735,0.735,0.735,0.6991836734693877,0.6675,0.6675,0.6675,0.6675,0.6675,0.6675,0.6675,0.6675,0.6675,0.735,0.735,0.6675,0.6675,0.6675,0.6675,0.6675,0.6,0.6,0.6,0.6,0.6675,0.5325,0.465
NE38Pn3CYRc,transcripts,16ONEfUSvEziB60mxHw17JpfIcVRMqtj_,360.48,74,136000,0.026000000000000002,0.01,0.006999999999999999,0.006999999999999999,0.019,0.016,0.0,0.02,0.0,0.011000000000000001,38,36,100,0,0.9,0,0,0.375,1,1,0.5329999999999999,1.4205714285714286,0.0,0.7982857142857143,1.02,1.73,0.04,118.0737,0.08,0.013000000000000001,0.154,0.030500000000000003,0.062,0.1,3,0.5525,0.5325,0.33,1.0,0.6,0.6675,0.6,0.6,0.6,0.6675,0.5325,0.5325,0.5325,0.5325,0.5325,0.465,0.465,0.465,0.465,0.5325,0.46499999999999997,0.465,0.33,1.0,0.6675,0.6,0.6,0.6,0.6675,0.6675,0.6578571428571429,0.6,0.6,0.6,0.6,0.6,0.6,0.6,0.6206632653061225,0.6454591836734695,0.5325,0.5325,0.5325,0.5325,0.5325,0.5325,0.5325,0.5325,0.5325,0.5325,0.5325,0.5325,0.49255102040816323,0.465,0.465,0.465,0.46499999999999997,0.46499999999999997,0.4650000000000001,0.465,0.465,0.465,0.465,0.465,0.5325,0.47464285714285687,0.465,0.46499999999999997,0.465,0.465,0.465,0.33,0.33
Nvq6okhPSOw,transcripts,19eU666NOwSixS-d3sTeoQIa4ThvQx1tk,1561.98,561,136000,0.11386138613861387,0.02871287128712871,0.06732673267326733,0.02772277227722772,0.01386138613861386,0.01485148514851485,0.02772277227722772,0.019801980198019802,0.0,0.0,151,79,101,1,0.9,3,1,0.23168316831683167,7,3,0.6683168316831684,1.580067488067488,0.0,0.9338636363636365,3.16,2.9619999999999997,0.174,134.0803,0.21386138613861388,0.08267326732673266,0.25693069306930694,0.049999999999999996,0.18514851485148515,0.1,4,0.5101842105263158,0.46499999999999997,0.3225,1.0,0.7460526315789473,0.6746052631578947,0.5289473684210527,0.54,0.5325,0.51,0.5025,0.495,0.48473684210526313,0.46499999999999997,0.4575,0.4488157894736842,0.435,0.4275,0.4125,0.4125,0.41605263157894734,0.39197368421052625,0.3225,1.0,0.8600510204081633,0.7637755102040816,0.7331632653061224,0.7037755102040816,0.679438775510204,0.6581632653061225,0.6267857142857143,0.5173469387755103,0.555,0.5444387755102041,0.5366326530612244,0.5286734693877551,0.5325,0.5282142857142857,0.51,0.51,0.51,0.5025,0.495,0.49637755102040815,0.495,0.495,0.4875,0.48,0.4723469387755102,0.465,0.465,0.4575,0.45,0.45,0.4480102040816327,0.440204081632653,0.43500000000000005,0.435,0.435,0.4275,0.42,0.4125,0.4125,0.4125,0.4125,0.4125,0.4125,0.41846938775510206,0.4125,0.3984183673469388,0.36933673469387746,0.34530612244897957,0.3225
OpuMLYUuP_M,transcripts,1FmWni9ZOuuTNmkXpEmEhzAm618nJqRSG,718.7199999999999,100,136000,0.031683168316831684,0.04059405940594059,0.00891089108910891,0.0039603960396039604,0.028712871287128718,0.0,0.0,0.04059405940594059,0.0029702970297029703,0.0,68,49,101,1,0.9,2,1,0.17524752475247524,5,0,0.699009900990099,3.274854423354423,0.0,0.8436957764457764,3.52,2.912809523809524,0.06352380952380952,140.4365070995671,0.15346534653465346,0.03663366336633664,0.20495049504950494,0.047524752475247525,0.11386138613861387,0.1,5,0.7421118421052632,0.7452631578947368,0.4725,1.0,0.8530263157894737,0.8360526315789474,0.7906578947368421,0.8025,0.7874999999999999,0.7725,0.7713157894736843,0.7582894736842105,0.7575,0.7452631578947368,0.7357894736842105,0.7275,0.7125,0.6975,0.6828947368421052,0.6675,0.6489473684210526,0.6225,0.4725,1.0,0.9797448979591836,0.8825510204081632,0.8475,0.8399999999999999,0.8384693877551019,0.8213265306122448,0.8025,0.7874999999999999,0.8025,0.8069387755102041,0.7991326530612245,0.795,0.7875,0.7832142857142856,0.775408163265306,0.7725,0.7725,0.7705102040816327,0.7725,0.765,0.7639285714285714,0.765,0.7579591836734693,0.7575,0.75,0.7425,0.7425,0.7414285714285714,0.7336224489795917,0.7275,0.7275,0.72,0.7125,0.7095918367346938,0.7017857142857142,0.6975,0.6975,0.69,0.6825,0.675,0.6675,0.6675,0.66,0.6465306122448979,0.6375,0.6234183673469388,0.6225,0.6078061224489797,0.4725
P9bVljfAWS8,transcripts,19aC2GtOgASVjVDTKIO9cESv79T6Le4Sf,736.54,225,136000,0.11,0.068,0.052000000000000005,0.126,0.018000000000000002,0.02,0.055999999999999994,0.111,0.006,0.006999999999999999,150,82,100,1,0.9,2,1,0.12300000000000001,2,2,0.727,3.246162337662338,0.0,0.9200151515151515,1.98,2.667,0.055,140.3332,0.195,0.07200000000000001,0.231,0.084,0.154,0.1,4,0.7862434210526316,0.825,0.5475,1.0,0.9130263157894737,0.915,0.9,0.8921052631578947,0.8751315789473684,0.8581578947368421,0.8613157894736843,0.825,0.8202631578947369,0.825,0.7555263157894738,0.5498684210526315,0.5723684210526317,0.5928947368421054,0.7847368421052631,0.7575,0.75,0.7294736842105263,0.5475,1.0,0.9989795918367347,0.9356632653061224,0.9065816326530612,0.9012244897959183,0.915,0.9075,0.9053571428571427,0.9000000000000001,0.8972448979591837,0.8925,0.885,0.8813265306122449,0.8735204081632653,0.87,0.8625,0.855,0.8497959183673469,0.8605102040816327,0.8416836734693877,0.8338775510204082,0.825,0.818265306122449,0.8175000000000001,0.8176530612244898,0.825,0.8245408163265306,0.8092346938775511,0.7949999999999998,0.7008673469387754,0.5966326530612245,0.5514795918367346,0.5341836734693879,0.5752040816326531,0.5608163265306122,0.5721428571428573,0.588061224489796,0.5814795918367346,0.6878571428571432,0.7875,0.7725,0.7623979591836734,0.7574999999999998,0.7518367346938776,0.75,0.7437244897959184,0.7359183673469388,0.7275,0.6840306122448981,0.5475
pfacUo-6wNs,transcripts,1ddvwDtnD3ctXnH8PPLEGKi6zuvbAHl2F,1831.84,582,136000,0.175,0.078,0.09699999999999999,0.066,0.040999999999999995,0.022000000000000002,0.043,0.026000000000000002,0.01,0.02,202,84,100,1,0.9,3,1,0.256,3,5,0.63,2.336604935999673,0.0,0.8069193262877473,5.34,3.9546666666666663,0.11566666666666667,141.59393333333335,0.1895,0.139,0.2815,0.052000000000000005,0.162,0.1,4,0.4650855263157895,0.42,0.33,1.0,0.6205263157894737,0.5471052631578948,0.4886842105263158,0.4875,0.4725,0.48118421052631577,0.45,0.4425,0.4397368421052631,0.42,0.4125,0.4188157894736842,0.3975,0.38250000000000006,0.3821052631578947,0.375,0.375,0.3785526315789475,0.33,1.0,0.7829081632653061,0.6362755102040816,0.6122448979591837,0.5750510204081631,0.5519387755102041,0.4631632653061225,0.465,0.495,0.495,0.4919387755102041,0.4875,0.48,0.4725,0.4724999999999999,0.4783163265306123,0.47280612244897957,0.459795918367347,0.45,0.45,0.44387755102040816,0.4425,0.44173469387755104,0.4420408163265306,0.42765306122448976,0.42734693877551017,0.42045918367346935,0.42000000000000004,0.4125,0.4186224489795918,0.4066836734693878,0.41801020408163264,0.405,0.4023979591836735,0.3945918367346939,0.3867857142857143,0.3825,0.37867346938775515,0.3783673469387755,0.37806122448979596,0.3777551020408163,0.375,0.36964285714285716,0.37882653061224486,0.375,0.3699489795918368,0.3675,0.37561224489795914,0.3603061224489796,0.33
PmWIzDuQUQg,transcripts,1a5gUiaRzx1mlMoW5mPA7x8_1B4ChV7he,1873.28,458,136000,0.16899999999999998,0.043,0.126,0.03,0.035,0.005,0.028999999999999998,0.032,0.009,0.002,140,76,100,1,0.9,2,1,0.315,6,4,0.5760000000000001,1.9605702294781242,0.0,0.9085784274205326,4.36,3.236,0.09166666666666666,142.52820000000003,0.1685,0.121,0.267,0.04020000000000001,0.198,0.1,4,0.4669802631578947,0.42,0.315,1.0,0.6690789473684211,0.5842105263157894,0.519078947368421,0.4946052631578947,0.4926315789473684,0.4788157894736842,0.4361842105263158,0.435,0.44447368421052624,0.42,0.4125,0.41131578947368425,0.39,0.3773684210526316,0.3753947368421053,0.36750000000000005,0.36,0.3564473684210525,0.315,1.0,0.8591326530612245,0.7163265306122449,0.6497448979591837,0.6225,0.5938775510204082,0.5194897959183674,0.525,0.5175,0.5214795918367346,0.4994387755102041,0.4875,0.4875,0.4910204081632653,0.47571428571428565,0.4816836734693878,0.4725,0.4591836734693878,0.4369897959183673,0.435,0.43499999999999994,0.435,0.435,0.4490816326530612,0.4423469387755102,0.42734693877551017,0.42,0.4125,0.4125,0.405,0.4066836734693878,0.41051020408163263,0.3975,0.39,0.3987244897959183,0.3867857142857143,0.3789795918367347,0.3788265306122449,0.3825,0.375,0.3777551020408163,0.3675,0.36749999999999994,0.36183673469387756,0.36,0.36,0.3665816326530612,0.3525,0.3525,0.315
porv8WwTSgc,transcripts,1B0xEOttM_JzANVcgXjkxGVNaxBRSbec1,793.96,186,136000,0.13299999999999998,0.087,0.051,0.065,0.063,0.0,0.0,0.047,0.006999999999999999,0.037000000000000005,109,65,100,1,0.95,2,1,0.22399999999999998,8,0,0.6409999999999999,1.7712651727357611,0.0,0.9495798319327732,1.7254901960784315,2.0313725490196077,0.0392156862745098,138.33990196078435,0.14800000000000002,0.0525,0.2125,0.0705,0.147,0.1,4,0.7890263157894737,0.81,0.735,1.0,0.8755263157894737,0.8735526315789474,0.8715789473684211,0.87,0.8676315789473684,0.6931578947368421,0.5688157894736842,0.5747368421052632,0.81,0.81,0.81,0.795,0.7906578947368421,0.7823684210526315,0.7725,0.7649999999999999,0.7575,0.7575,0.735,1.0,0.9971428571428571,0.8843877551020408,0.87,0.8787244897959183,0.875969387755102,0.8775,0.8775,0.87,0.87,0.87,0.87,0.873673469387755,0.8660204081632653,0.8539285714285714,0.7323979591836736,0.6508163265306122,0.5422959183673469,0.5680102040816326,0.6048979591836735,0.5952551020408163,0.6085714285714284,0.7092857142857144,0.8077040816326531,0.81,0.81,0.8104591836734694,0.81,0.81,0.8236224489795918,0.8008163265306123,0.795,0.795,0.7923979591836734,0.7920918367346939,0.7875,0.7839795918367347,0.78,0.7758673469387756,0.7725,0.765,0.765,0.7596428571428571,0.7575,0.7575,0.7575,0.7575,0.7506122448979592,0.75,0.735
PYMF1TaqpE4,transcripts,11itbpVnqfXmid_Qwd9IBuk8P0gmoKUqj,1727.8,477,136000,0.068,0.033,0.027000000000000003,0.043,0.057,0.005,0.019000000000000003,0.049,0.01,0.002,241,89,100,1,0.9,3,1,0.166,13,3,0.715,2.1128715173715173,0.0,0.9088888596783333,4.58,3.1346190476190476,0.07666666666666667,139.72529523809527,0.155,0.066,0.22650000000000003,0.0375,0.126,0.0,4,0.5711118421052632,0.5502631578947368,0.285,1.0,0.7985526315789473,0.7385526315789473,0.714078947368421,0.5257894736842106,0.6623684210526316,0.6331578947368421,0.615,0.6217105263157895,0.5850000000000001,0.5502631578947368,0.54,0.5313157894736842,0.5068421052631579,0.47723684210526307,0.4503947368421053,0.4275,0.3975,0.3619736842105262,0.285,1.0,0.8831632653061225,0.8093877551020409,0.7856632653061224,0.7550510204081632,0.740969387755102,0.731326530612245,0.72,0.7051530612244897,0.6694897959183673,0.5161224489795919,0.553469387755102,0.6635204081632653,0.6639795918367347,0.6557142857142857,0.6404081632653061,0.6251020408163266,0.6225,0.615,0.6091836734693877,0.6136224489795918,0.6160714285714286,0.6007653061224489,0.5850000000000001,0.5776530612244897,0.5623469387755102,0.5475,0.5392346938775511,0.54,0.5325,0.54,0.5305102040816327,0.525,0.51,0.5025,0.495,0.4804591836734693,0.4725,0.464234693877551,0.44556122448979596,0.43775510204081636,0.42994897959183676,0.42214285714285715,0.4068367346938776,0.39749999999999996,0.3849489795918368,0.3684183673469388,0.36,0.3525,0.285
Q1ZmiQVX9cY,transcripts,1vi81ZvP6bBfKkeR1hy73UJgyGmBp4qsS,1828.02,615,136000,0.09801980198019802,0.033663366336633666,0.030693069306930693,0.031683168316831684,0.03762376237623763,0.01386138613861386,0.0,0.07722772277227723,0.0039603960396039604,0.00891089108910891,118,70,101,1,0.9,2,1,0.17722772277227722,3,1,0.6945544554455446,2.6517624123188637,0.0,0.8537739804997869,4.98,3.3927142857142853,0.07785714285714286,142.32447142857146,0.22871287128712872,0.0797029702970297,0.2811881188118812,0.10693069306930694,0.21782178217821782,0.1,5,0.549875,0.525,0.285,1.0,0.733421052631579,0.705,0.6825000000000001,0.6521052631578947,0.6126315789473684,0.5806578947368422,0.5561842105263158,0.5542105263157895,0.5325,0.525,0.5032894736842105,0.47881578947368425,0.4575,0.44999999999999996,0.435,0.42157894736842105,0.4346052631578947,0.39749999999999996,0.285,1.0,0.8072448979591837,0.7275,0.7481632653061224,0.7175510204081633,0.705,0.6956632653061224,0.6878571428571427,0.6800510204081633,0.6694897959183673,0.6525,0.645,0.6451530612244898,0.6110204081632653,0.6042857142857143,0.5908163265306123,0.5774999999999999,0.564795918367347,0.5569897959183674,0.555,0.5625,0.5485714285714286,0.5475,0.5325,0.5325,0.525,0.5245408163265306,0.51,0.5089285714285714,0.5025,0.49331632653061225,0.47801020408163264,0.46499999999999997,0.46239795918367343,0.4575,0.4542857142857143,0.45,0.44617346938775515,0.4383673469387755,0.435,0.43025510204081635,0.4224489795918367,0.43285714285714283,0.41433673469387755,0.43943877551020416,0.4062244897959184,0.3984183673469388,0.39061224489795915,0.3681122448979593,0.285
q607HENWvqY,transcripts,1OJjFcxfjLctuaXhFtaxpLV_qSvxpmiKD,1428.78,412,136000,0.17300000000000001,0.05,0.084,0.022000000000000002,0.005,0.0,0.008,0.07200000000000001,0.003,0.0,187,87,100,1,0.9,3,1,0.11599999999999999,8,0,0.723,3.1351801033856845,0.0,0.7600150868110097,5.490196078431373,3.3647525676937438,0.045284780578898225,136.60650793650794,0.16649999999999998,0.11449999999999999,0.2505,0.1115,0.182,0.1,4,0.648875,0.6477631578947369,0.345,1.0,0.8080263157894737,0.7910526315789473,0.7575,0.7346052631578948,0.6055263157894737,0.5605263157894737,0.705,0.69,0.6975,0.6477631578947369,0.6232894736842106,0.6075,0.6055263157894737,0.5798684210526315,0.5703947368421053,0.5625,0.5514473684210527,0.5344736842105262,0.345,1.0,0.8900510204081632,0.8168877551020408,0.8034183673469387,0.8087755102040817,0.793469387755102,0.7781632653061225,0.7628571428571428,0.7574999999999998,0.7472448979591837,0.7394387755102041,0.7275,0.7056122448979593,0.5990816326530612,0.5582142857142858,0.5475,0.6434693877551021,0.722295918367347,0.705,0.6975,0.6975,0.69,0.69,0.6965816326530612,0.6901530612244897,0.6671938775510203,0.645,0.636734693877551,0.6289285714285714,0.6225,0.6133163265306123,0.6075,0.609795918367347,0.6198979591836734,0.5925,0.5967857142857143,0.5814795918367346,0.5774999999999999,0.5774999999999999,0.57,0.5652551020408163,0.5625,0.5625,0.555,0.5490306122448979,0.5475,0.54,0.5325,0.4815306122448981,0.345
qoqjZR52lOQ,transcripts,17AwRnqDkYsLCt5eY0A5AuY9B0zuHydU9,1502.46,533,136000,0.0712871287128713,0.020792079207920793,0.008910891089108912,0.015841584158415842,0.01881188118811881,0.0009900990099009901,0.0039603960396039604,0.06435643564356436,0.0,0.00693069306930693,104,61,101,1,0.9,2,1,0.10693069306930694,1,0,0.7816831683168317,2.0570000997336635,0.0,0.9170918694275096,3.1176470588235294,2.231185807656396,0.09105268369974252,138.0801447245565,0.18316831683168316,0.07029702970297029,0.22524752475247525,0.11782178217821783,0.15841584158415842,0.0,4,0.6293355263157895,0.6225,0.285,1.0,0.7610526315789474,0.7614473684210527,0.7365789473684211,0.7121052631578947,0.6951315789473684,0.66,0.6536842105263158,0.6375,0.6225,0.6225,0.6,0.5861842105263159,0.5774999999999999,0.6094736842105262,0.5553947368421053,0.54,0.5325,0.4381578947368414,0.285,1.0,0.8600510204081633,0.7787755102040816,0.7490816326530613,0.75,0.759030612244898,0.7668367346938775,0.7585714285714286,0.7374489795918368,0.7472448979591837,0.7213775510204082,0.7016326530612245,0.69,0.6935204081632653,0.6707142857142857,0.6629081632653061,0.6648979591836734,0.672704081632653,0.6544897959183673,0.6466836734693878,0.6375,0.6375,0.63,0.6234183673469388,0.6151530612244898,0.6151530612244898,0.6215816326530612,0.6075,0.6,0.6013775510204081,0.5966326530612245,0.5869897959183674,0.5827040816326531,0.5823979591836734,0.5774999999999999,0.5871428571428572,0.6159183673469386,0.5661734693877551,0.5591326530612245,0.555,0.5597448979591837,0.5448979591836735,0.54,0.54,0.5325,0.5450510204081631,0.5118367346938776,0.36428571428571405,0.32311224489795926,0.285
RhVq2oJpsEY,transcripts,1MfW3FzujP05xaWHkLXvwJ0vD2lGR48j3,1372.8,559,136000,0.048,0.015,0.002,0.02,0.01,0.004,0.013999999999999999,0.057999999999999996,0.002,0.002,102,66,100,1,0.9,3,1,0.136,4,0,0.737,2.2331197540562866,0.0,0.9062003613861199,3.2549019607843137,1.74562077356195,0.011484593837535015,141.58853613162438,0.16,0.0645,0.23800000000000002,0.086,0.15,0.1,4,0.7136907894736841,0.7022368421052632,0.3825,1.0,0.855,0.84,0.825,0.8167105263157894,0.7243421052631578,0.7681578947368422,0.7436842105263158,0.7275,0.7125,0.7022368421052632,0.6931578947368422,0.6876315789473685,0.6675,0.6525,0.6528947368421053,0.6240789473684212,0.6039473684210527,0.5944736842105263,0.3825,1.0,0.9278571428571429,0.8618877551020409,0.8540816326530613,0.8462755102040818,0.84,0.8325,0.825,0.8225510204081633,0.8175,0.8130612244897959,0.7991326530612245,0.743265306122449,0.7323979591836736,0.7767857142857143,0.7899489795918367,0.7601020408163265,0.75,0.7444897959183674,0.7366836734693878,0.7275,0.7275,0.728265306122449,0.7125,0.7051530612244897,0.7048469387755101,0.7045408163265305,0.69,0.7157142857142855,0.675,0.6766836734693878,0.6860204081632654,0.669795918367347,0.6723979591836735,0.6645918367346939,0.6567857142857143,0.6525,0.645,0.6566326530612245,0.6436224489795919,0.63,0.6225,0.6514285714285712,0.6111734693877552,0.6015306122448979,0.6,0.6,0.5925,0.5346428571428573,0.3825
rJxhpVu7BhU,transcripts,1g7jV06wtwp5s4ojU1OssFQ1schushzd5,1144.44,299,136000,0.04257425742574257,0.05247524752475247,0.010891089108910892,0.0297029702970297,0.020792079207920793,0.0,0.008910891089108912,0.07623762376237624,0.005940594059405941,0.01386138613861386,180,91,101,1,0.9,3,1,0.22970297029702968,13,3,0.6534653465346535,2.237555273227282,0.0,0.7457217236583472,4.235294117647059,3.7349673202614375,0.15359477124183005,136.12522875816995,0.1673267326732673,0.01930693069306931,0.21287128712871287,0.036138613861386136,0.1099009900990099,0.1,5,0.71975,0.7125,0.42,1.0,0.849078947368421,0.8360526315789474,0.819078947368421,0.6856578947368422,0.78,0.7725,0.7725,0.7425,0.7275,0.7125,0.6907894736842105,0.6975,0.675,0.66,0.6528947368421053,0.645,0.6414473684210527,0.615,0.42,1.0,0.9866326530612245,0.8756632653061224,0.8325,0.8337244897959184,0.8384693877551019,0.8343367346938776,0.825,0.8126020408163266,0.643469387755102,0.6603061224489796,0.7694387755102041,0.7913265306122449,0.78,0.7725,0.7725,0.7725,0.7725,0.7725,0.7591836734693878,0.7507653061224491,0.7425,0.735765306122449,0.7275,0.7275,0.7125,0.7120408163265307,0.704234693877551,0.6964285714285714,0.69,0.69,0.6975,0.69,0.6798979591836735,0.672091836734694,0.6675,0.66,0.66,0.66,0.6525,0.6477551020408163,0.645,0.645,0.645,0.6390306122448979,0.63,0.6159183673469388,0.6081122448979592,0.5856122448979594,0.42
RkwsqGM4_DE,transcripts,1B_X6EgcjC85XnIDI4SgPNMZuxJ5peNF-,669.44,137,136000,0.025742574257425745,0.02178217821782178,0.00693069306930693,0.011881188118811881,0.0049504950495049506,0.0,0.007920792079207921,0.05247524752475247,0.0049504950495049506,0.0029702970297029703,85,61,101,1,0.9,2,1,0.1594059405940594,7,0,0.704950495049505,2.0458761282290694,0.0,0.8709150326797385,1.4901960784313726,2.0254901960784313,0.13398692810457516,129.71607843137255,0.15445544554455445,0.03663366336633664,0.19950495049504952,0.04702970297029703,0.1217821782178218,0.1,5,0.7723486842105263,0.7677631578947368,0.6075,1.0,0.8625,0.8289473684210527,0.8131578947368422,0.7871052631578948,0.8151315789473685,0.8206578947368421,0.795,0.7942105263157895,0.7725,0.7677631578947368,0.7567105263157894,0.7413157894736843,0.7243421052631579,0.7251315789473685,0.72,0.7125,0.705,0.6975,0.6075,1.0,0.9794387755102041,0.8762755102040816,0.8615816326530612,0.8462755102040818,0.8265306122448979,0.8306632653061226,0.8303571428571428,0.8075510204081633,0.8080102040816327,0.7830612244897959,0.7934693877551021,0.8175,0.8135204081632654,0.81,0.8220918367346939,0.8126020408163266,0.81,0.795,0.8008163265306123,0.7963775510204082,0.7885714285714286,0.780765306122449,0.7729591836734694,0.7725,0.7725,0.765,0.765,0.7510714285714286,0.75,0.7424999999999999,0.7405102040816327,0.735,0.7275,0.72,0.72,0.7235204081632653,0.72,0.72,0.72,0.7152551020408163,0.7125,0.7125,0.7068367346938775,0.7050000000000001,0.6975,0.6975,0.690612244897959,0.69,0.6075
S_o49-nmh5w,transcripts,1BDR-3CLtTnwaWVKBMKoAd0TtRN1iUC7p,690.16,116,136000,0.2099009900990099,0.11386138613861387,0.1316831683168317,0.0,0.0029702970297029703,0.00693069306930693,0.011881188118811881,0.047524752475247525,0.023762376237623763,0.0,147,79,101,1,0.9,2,1,0.394059405940594,6,7,0.5386138613861386,1.2527544351073763,0.0,0.8970588235294118,1.607843137254902,1.6339869281045751,0.10784313725490197,130.22503267973858,0.08712871287128714,0.15346534653465346,0.19801980198019803,0.02277227722772277,0.17920792079207923,0.1,4,0.7075131578947368,0.7002631578947369,0.4725,1.0,0.8585526315789473,0.7875,0.78,0.7571052631578947,0.7425,0.7381578947368421,0.72,0.7125,0.705,0.7002631578947369,0.675,0.66,0.6568421052631579,0.66,0.6453947368421052,0.6375,0.6264473684210526,0.615,0.4725,1.0,0.9974489795918368,0.8900510204081632,0.8456632653061225,0.8075510204081633,0.7874999999999999,0.78,0.78,0.7775510204081633,0.765,0.7575,0.75,0.75,0.7425,0.7382142857142857,0.7425,0.7301020408163266,0.722295918367347,0.72,0.7183163265306123,0.7125,0.7125,0.7125,0.705,0.705,0.705,0.6970408163265306,0.681734693877551,0.675,0.6675,0.6658163265306122,0.66,0.66,0.66,0.6525,0.6525,0.66,0.6563265306122449,0.6525,0.645,0.645,0.6375,0.6321428571428572,0.63,0.624030612244898,0.6162244897959184,0.615,0.6081122448979592,0.5787244897959184,0.4725
Sf95qeC7BUs,transcripts,10-dp437h-7tuXxqZfu7az9fwJJn_zOUL,1919.2,813,136000,0.08199999999999999,0.012,0.02,0.062,0.042,0.003,0.017,0.039,0.027999999999999997,0.003,99,58,100,1,0.95,3,1,0.149,6,1,0.7234999999999999,2.1345091297591297,0.0,0.9245153457653457,3.74,2.211325396825397,0.07422222222222223,143.86027698412698,0.20149999999999998,0.106,0.293,0.114,0.20149999999999998,0.2,5,0.657203947368421,0.6607894736842106,0.495,1.0,0.8025,0.6627631578947366,0.555,0.7661842105263158,0.7101315789473684,0.7061842105263159,0.6698684210526314,0.654078947368421,0.6477631578947369,0.6607894736842106,0.6524999999999999,0.6276315789473684,0.6011842105263159,0.602763157894737,0.6205263157894736,0.5818421052631578,0.5853947368421053,0.5419736842105263,0.495,1.0,0.8228571428571427,0.7611734693877551,0.8006632653061224,0.8150510204081632,0.720765306122449,0.551173469387755,0.5603571428571429,0.5941836734693878,0.7562755102040817,0.813826530612245,0.7706632653061224,0.7201530612244899,0.7085204081632653,0.6932142857142857,0.7033163265306123,0.6978061224489795,0.692908163265306,0.6714795918367347,0.6965816326530613,0.6552551020408163,0.6653571428571428,0.6525000000000001,0.645,0.6525,0.7043877551020407,0.6525,0.635969387755102,0.6525,0.6272448979591837,0.6075,0.6260204081632654,0.6,0.6026020408163266,0.589591836734694,0.6192857142857142,0.5995408163265308,0.6075,0.5883673469387756,0.6091836734693878,0.5830102040816326,0.5898979591836735,0.57,0.5925,0.5805612244897957,0.568622448979592,0.5493367346938776,0.54,0.5325,0.495
sujXtr4AVRU,transcripts,1WcvAqNqrhY_-tCWRe5rEUqLhF0erS8NY,1217.0,505,136000,0.11683168316831682,0.048514851485148516,0.07326732673267328,0.06336633663366337,0.046534653465346534,0.010891089108910892,0.011881188118811881,0.05841584158415841,0.031683168316831684,0.02277227722772277,112,68,101,1,0.95,3,1,0.1495049504950495,3,1,0.7178217821782178,2.34273044973737,0.0,0.8116222557399028,4.117647058823529,3.5088235294117647,0.09477124183006536,136.41921568627453,0.16435643564356436,0.09207920792079209,0.24455445544554455,0.07425742574257425,0.17425742574257425,0.0,5,0.7571118421052632,0.7725,0.4125,1.0,0.8755263157894737,0.8660526315789474,0.7385526315789475,0.6742105263157895,0.7910526315789472,0.8175,0.8048684210526316,0.8084210526315789,0.7875,0.7725,0.7657894736842106,0.75,0.7425,0.7275,0.7203947368421053,0.7109210526315789,0.7014473684210526,0.675,0.4125,1.0,0.9503571428571428,0.8843877551020408,0.8718367346938776,0.8900510204081632,0.8684693877551021,0.8531632653061224,0.8067857142857142,0.7079081632653061,0.6730102040816326,0.6838775510204083,0.6701020408163265,0.7048469387755102,0.8087755102040817,0.8357142857142856,0.8175000000000001,0.8223979591836734,0.8325,0.8064795918367346,0.795,0.8072448979591837,0.7971428571428573,0.7875,0.7879591836734693,0.7728061224489796,0.7725,0.7725,0.7725,0.7714285714285715,0.7636224489795919,0.7575000000000001,0.75,0.7424999999999999,0.7425,0.7425,0.7275,0.7275,0.7238265306122449,0.7308673469387754,0.72,0.72,0.7125,0.6996428571428571,0.7011734693877552,0.6990306122448979,0.69,0.6759183673469388,0.6681122448979592,0.6531122448979592,0.4125
szF7osJgt-A,transcripts,1JliIvSF7Lfns0msmvOYaKnd4hCwp6lXo,649.4799999999999,87,136000,0.124,0.05,0.026000000000000002,0.096,0.023,0.012999999999999998,0.018000000000000002,0.07,0.040999999999999995,0.0,152,78,100,1,0.95,3,1,0.152,6,1,0.706,2.025015873015873,0.0,0.7991904761904762,2.32,2.465,0.12,137.6611,0.1475,0.087,0.23800000000000002,0.053,0.142,0.1,5,0.7600131578947369,0.822236842105263,0.5475,1.0,0.8905263157894736,0.8660526315789474,0.5794736842105263,0.5715789473684211,0.6398684210526315,0.8293421052631579,0.8238157894736842,0.825,0.8175000000000001,0.822236842105263,0.7875,0.765,0.765,0.7523684210526316,0.7425,0.7350000000000001,0.7275,0.7125,0.5475,1.0,0.9983673469387755,0.9131632653061225,0.8840816326530612,0.8687755102040816,0.8684693877551021,0.8344897959183674,0.722142857142857,0.5675510204081633,0.54,0.5655612244897958,0.593265306122449,0.588826530612245,0.6414795918367346,0.7714285714285716,0.8191836734693877,0.8276020408163265,0.822704081632653,0.8230102040816326,0.825,0.825,0.825,0.825,0.8175000000000001,0.8175,0.8101530612244899,0.8245408163265306,0.8009693877551021,0.7875,0.78,0.7783163265306122,0.765,0.765,0.765,0.765,0.7617857142857143,0.7539795918367347,0.75,0.7425,0.7425,0.735,0.735,0.7349999999999999,0.7293367346938776,0.7275,0.7212244897959184,0.7134183673469388,0.7056122448979592,0.6906122448979591,0.5475
U8e1Pd7aBLY,transcripts,185Li4MWB1KPfrzlWX0PLVVo8A_xdxX5I,910.6,275,136000,0.12673267326732673,0.04455445544554455,0.060396039603960394,0.011881188118811881,0.0,0.0,0.0019801980198019802,0.07326732673267326,0.008910891089108912,0.0039603960396039604,100,62,101,1,0.9,2,1,0.15643564356435644,8,1,0.7034653465346534,1.393580765639589,0.0,0.9575163398692811,1.5098039215686274,2.100653594771242,0.04738562091503268,138.2498366013072,0.13564356435643563,0.10742574257425742,0.23415841584158417,0.04306930693069307,0.19504950495049506,0.1,4,0.7783881578947368,0.7752631578947369,0.555,1.0,0.9296052631578947,0.885,0.8506578947368422,0.84,0.84,0.8206578947368421,0.795,0.8151315789473683,0.765,0.7752631578947369,0.7598684210526316,0.7539473684210526,0.7492105263157895,0.7125,0.6975,0.69,0.6789473684210526,0.6544736842105262,0.555,1.0,1.0,0.9581632653061225,0.9056632653061224,0.8862244897959184,0.885,0.8718367346938776,0.8678571428571429,0.8475,0.8427551020408164,0.8444387755102041,0.84,0.855,0.84,0.8485714285714285,0.8395408163265305,0.8126020408163266,0.804795918367347,0.795,0.7891836734693878,0.8133673469387755,0.7982142857142859,0.7747959183673468,0.765,0.7796938775510204,0.7873469387755102,0.7720408163265305,0.7665306122448979,0.7767857142857143,0.7636224489795919,0.7458673469387755,0.7515306122448979,0.735,0.7601020408163266,0.724591836734694,0.7167857142857144,0.7125,0.705,0.7008673469387754,0.6975,0.6927551020408163,0.69,0.6953571428571428,0.7293367346938776,0.676530612244898,0.6675,0.66,0.6525,0.6525,0.555
v_puTGCZjnA,transcripts,1wMmzsSeCLgIlhCMf_NEMkepdngt9c8fO,1545.64,339,136000,0.026000000000000002,0.048999999999999995,0.003,0.011000000000000001,0.026999999999999996,0.0,0.006,0.036000000000000004,0.0,0.005,137,69,100,1,0.9,3,1,0.257,27,3,0.629,1.9537547739204841,0.0,0.8957519767017615,5.04,3.3313722943722945,0.12638095238095237,139.46951601731604,0.16449999999999998,0.0375,0.2245,0.026000000000000002,0.11,0.1,5,0.6391052631578947,0.6177631578947369,0.435,1.0,0.7638157894736841,0.675,0.765,0.7732894736842105,0.7476315789473684,0.72,0.69,0.6600000000000001,0.6375,0.6177631578947369,0.6007894736842105,0.5763157894736841,0.565657894736842,0.5348684210526315,0.525,0.51,0.5025,0.4819736842105262,0.435,1.0,0.9053571428571429,0.8219387755102041,0.693826530612245,0.6762244897959184,0.675,0.7498469387755102,0.765,0.7649999999999999,0.7677551020408164,0.7725,0.7875,0.7575,0.7460204081632653,0.735,0.7258163265306122,0.7151020408163266,0.6997959183673469,0.69,0.6766836734693878,0.6675,0.66,0.6488265306122449,0.6375,0.6301530612244898,0.6225,0.615,0.6075,0.6064285714285714,0.5925,0.5850000000000001,0.5755102040816326,0.5625,0.5576020408163266,0.5612755102040816,0.5442857142857143,0.5364795918367347,0.5286734693877551,0.525,0.5205612244897959,0.5175,0.51,0.51,0.5231632653061224,0.5025,0.495,0.4875,0.48,0.45811224489795926,0.435
vopiJ3KKT-k,transcripts,17H9w9zIk785LE9ILkh2UTdF-1-5a84AQ,330.0,129,136000,0.073,0.023,0.022000000000000002,0.0,0.002,0.006999999999999999,0.0,0.015,0.039,0.003,26,23,100,0,0.9,0,0,0.033,0,0,0.8540000000000001,1.1740000000000002,0.0,0.5666666666666667,0.42,1.0633333333333332,0.04,86.20286666666667,0.146,0.091,0.187,0.1286,0.22,0.0,5,0.5449605263157895,0.5656578947368422,0.2475,1.0,0.5925,0.66,0.66,0.6031578947368422,0.5040789473684211,0.5846052631578947,0.5909210526315789,0.5735526315789473,0.5656578947368422,0.5656578947368422,0.5325,0.5482894736842105,0.4725,0.43697368421052635,0.405,0.4725,0.47250000000000003,0.4113157894736844,0.2475,1.0,0.6606122448979592,0.6212755102040817,0.5943367346938776,0.6875510204081632,0.66,0.66,0.66,0.66,0.66,0.6462244897959184,0.5925,0.5704591836734693,0.5104591836734693,0.5325,0.5508673469387756,0.5429081632653063,0.5025,0.5845408163265308,0.5325,0.5325,0.5925,0.579030612244898,0.5784183673469387,0.5325,0.5325,0.5784183673469387,0.5594387755102039,0.5453571428571429,0.5502551020408163,0.6186734693877549,0.5514795918367347,0.5233163265306127,0.48229591836734687,0.4464795918367347,0.4724999999999999,0.44494897959183655,0.435,0.435,0.405,0.4294897959183673,0.46637755102040795,0.4725,0.4988265306122448,0.47250000000000003,0.4074489795918366,0.43499999999999994,0.405,0.375612244897959,0.2475
vVZDZxRRXDI,transcripts,1qdFkk4mgNOnGrZ7bhszjEPGNAkws9-_D,1330.04,318,136000,0.04,0.038,0.02,0.048,0.037000000000000005,0.006,0.012,0.065,0.006999999999999999,0.013000000000000001,132,67,100,1,0.9,3,1,0.317,5,1,0.581,1.799492784992785,0.0,0.9571428571428571,1.92,2.1896666666666667,0.11,138.01903333333334,0.14700000000000002,0.018500000000000003,0.21600000000000003,0.0475,0.087,0.1,4,0.6990263157894737,0.6975,0.345,1.0,0.8325,0.8396052631578947,0.81,0.7093421052631578,0.6722368421052631,0.7555263157894737,0.7575,0.7381578947368422,0.7125,0.6975,0.69,0.6813157894736843,0.6813157894736842,0.645,0.63,0.6134210526315789,0.5996052631578948,0.57,0.345,1.0,0.9275510204081634,0.8462755102040816,0.8315816326530613,0.8199489795918368,0.8444387755102041,0.8231632653061224,0.8153571428571429,0.81,0.8025,0.761326530612245,0.6558673469387755,0.6675,0.6754591836734694,0.6942857142857143,0.7308673469387755,0.765,0.7627040816326531,0.7575,0.75,0.7425,0.7607142857142856,0.7207653061224489,0.7129591836734694,0.7125,0.7048469387755101,0.6975,0.6975,0.69,0.69,0.6883163265306123,0.6805102040816327,0.675,0.6798979591836735,0.6783673469387755,0.6492857142857142,0.645,0.6411734693877551,0.63,0.625561224489796,0.6225,0.615,0.6075,0.5943367346938776,0.6044387755102042,0.5787244897959183,0.57,0.5631122448979592,0.4827551020408167,0.345
VYsqc9S5b9E,transcripts,11S3796fAE9C7wtY07dKJr8mhXL_zhC0c,867.66,232,136000,0.03,0.024,0.012,0.062,0.026000000000000002,0.002,0.006,0.08,0.038,0.01,98,60,100,1,0.95,3,1,0.17600000000000002,3,0,0.6679999999999999,2.021407647907648,0.0,0.9009999999999999,1.54,1.6873333333333331,0.07,132.80266666666668,0.159,0.043,0.2275,0.045,0.11900000000000001,0.3,4,0.6876184210526316,0.6975,0.345,1.0,0.8601315789473684,0.855,0.841578947368421,0.81,0.7851315789473684,0.7725,0.7298684210526315,0.47013157894736834,0.5013157894736844,0.6975,0.6817105263157894,0.66,0.6525,0.6576315789473685,0.63,0.6209210526315789,0.6039473684210527,0.5774999999999999,0.345,1.0,0.9788265306122449,0.8631122448979592,0.8334183673469389,0.8475000000000001,0.855,0.8568367346938774,0.8528571428571429,0.84,0.8222448979591837,0.814438775510204,0.81,0.7951530612244898,0.7835204081632653,0.7767857142857143,0.775408163265306,0.7676020408163264,0.752295918367347,0.7314795918367346,0.6950510204081632,0.5164285714285716,0.4532142857142858,0.49423469387755103,0.4884183673469387,0.5837755102040816,0.6975,0.6970408163265306,0.689234693877551,0.6760714285714285,0.6811224489795917,0.6675,0.66,0.657704081632653,0.6525,0.6495918367346938,0.645,0.6560204081632653,0.6411734693877551,0.6333673469387755,0.63,0.6272448979591837,0.6225,0.615,0.615,0.6015306122448979,0.5937244897959184,0.5793367346938775,0.570612244897959,0.5628061224489797,0.345
VYYzb9KHawI,transcripts,1F8htuy5oPXAT02q9lZRgHPhw04zy-4mR,580.0,144,136000,0.037,0.017,0.002,0.1295,0.025999999999999995,0.0,0.0,0.054000000000000006,0.003,0.014000000000000002,114,71,100,1,0.9,3,1,0.198,4,1,0.672,2.224857142857143,0.0,0.8959999999999999,1.28,2.0566666666666666,0.06,132.32253333333335,0.128,0.021,0.17600000000000002,0.0545,0.11599999999999999,0.0,5,0.72725,0.75,0.42,1.0,0.8980263157894737,0.87,0.6197368421052631,0.6367105263157895,0.6426315789473684,0.8230263157894737,0.8325,0.8092105263157895,0.7772368421052631,0.75,0.7417105263157895,0.7275,0.7018421052631578,0.69,0.6678947368421053,0.66,0.645,0.6319736842105262,0.42,1.0,0.9989795918367347,0.9206632653061224,0.8906632653061224,0.8712244897959184,0.87,0.8383163265306123,0.7285714285714284,0.6076530612244897,0.584234693877551,0.6153061224489795,0.6326020408163266,0.645,0.6410204081632653,0.7114285714285715,0.8041836734693878,0.8325,0.8325,0.8325,0.825,0.8188775510204083,0.8035714285714286,0.7882653061224489,0.7804591836734694,0.7651530612244898,0.7573469387755102,0.75,0.749234693877551,0.7360714285714286,0.7425,0.7333163265306123,0.7275,0.717704081632653,0.705,0.6975,0.6942857142857142,0.69,0.6825,0.675,0.6675,0.6675,0.66,0.6546428571428572,0.6468367346938776,0.645,0.6387244897959184,0.6375,0.6231122448979592,0.6078061224489797,0.42
W6enyqR-1Jw,transcripts,1pDD75Fk2JCcN8WH9iKNwn9n0qDKyIVPy,1385.4,432,136000,0.043,0.015,0.007000000000000001,0.017,0.02,0.0,0.002,0.049,0.003,0.0,131,76,100,0,0.9,0,0,0.157,8,0,0.718,2.4331464646464647,0.0,0.9272193362193362,3.66,2.4803333333333333,0.11985714285714286,143.51056666666668,0.1875,0.0995,0.258,0.102,0.193,0.0,4,0.6213026315789474,0.5972368421052632,0.3225,1.0,0.7594736842105263,0.7614473684210527,0.7275,0.7046052631578947,0.6825,0.6675,0.6386842105263157,0.6217105263157895,0.6094736842105263,0.5972368421052632,0.5774999999999999,0.5711842105263156,0.5625,0.5573684210526315,0.54,0.5234210526315789,0.5064473684210526,0.495,0.3225,1.0,0.874438775510204,0.7712755102040816,0.765,0.7712755102040816,0.759030612244898,0.7538265306122448,0.7328571428571429,0.7275,0.7444897959183674,0.7094387755102041,0.6941326530612244,0.678826530612245,0.6825,0.6792857142857143,0.6704081632653062,0.6675,0.6847959183673469,0.6394897959183673,0.6358163265306123,0.6252551020408164,0.6160714285714286,0.6075,0.615,0.6,0.5925,0.5995408163265306,0.5850000000000001,0.5774999999999999,0.5774999999999999,0.5758163265306122,0.5719897959183673,0.57,0.5625,0.5625,0.5625,0.5589795918367346,0.5511734693877551,0.5433673469387754,0.5355612244897959,0.5419897959183673,0.5274489795918367,0.5175,0.5118367346938776,0.5040306122448979,0.495,0.495,0.4881122448979591,0.3921428571428574,0.3225
wS79wHHkjjw,transcripts,1ASC7FAeYyRrFsZ3PxkrpgKX-w1T79G8A,548.1600000000001,85,136000,0.109,0.06899999999999999,0.024,0.034,0.033,0.0,0.017,0.036000000000000004,0.022000000000000002,0.008,145,78,100,1,0.95,3,1,0.14400000000000002,0,0,0.7265,2.003833333333333,0.0,0.897,1.94,2.435,0.095,137.70010000000002,0.109,0.0975,0.21350000000000002,0.0475,0.124,0.0,5,0.6070921052631579,0.615,0.3,1.0,0.7555263157894736,0.7085526315789473,0.6840789473684211,0.6525,0.6276315789473684,0.4413157894736842,0.4464473684210527,0.6157894736842106,0.6225,0.615,0.6075,0.6,0.596842105263158,0.5948684210526315,0.5853947368421054,0.5759210526315788,0.5625,0.5494736842105263,0.3,1.0,0.9119387755102042,0.7850510204081632,0.7481632653061224,0.7250510204081634,0.7109693877551021,0.7031632653061225,0.69,0.6825,0.6722448979591837,0.6569387755102041,0.6491326530612245,0.6375,0.6260204081632654,0.5303571428571426,0.4587244897959184,0.4301020408163265,0.4568877551020408,0.44403061224489804,0.4749489795918368,0.5903571428571428,0.6214285714285714,0.63,0.6225,0.6225,0.6223469387755103,0.615,0.6075,0.6075,0.6075,0.6,0.6,0.6,0.6,0.5925,0.5957142857142856,0.5964795918367347,0.5886734693877551,0.5925,0.580561224489796,0.5774999999999999,0.5774999999999999,0.57,0.5625,0.5625,0.5625,0.5559183673469388,0.5406122448979592,0.4158673469387759,0.3
wWtq4RlbRos,transcripts,1eTNgqcPSLKJGEb1HMOPwOHhgVKtxHuc3,117.5,35,136000,0.048514851485148516,0.05049504950495049,0.01485148514851485,0.048514851485148516,0.009900990099009901,0.0,0.0019801980198019802,0.01386138613861386,0.020792079207920793,0.0,42,39,101,0,0.9,0,0,0.17227722772277226,0,0,0.7495049504950495,0.47058823529411764,0.0,0.3137254901960784,0.0784313725490196,0.3627450980392157,0.0392156862745098,45.56294117647059,0.12772277227722773,0.15049504950495052,0.18960396039603958,0.0900990099009901,0.1603960396039604,0.1,4,0.8447434210526316,0.8427631578947369,0.4875,1.0,0.99,0.9710526315789474,0.939078947368421,0.915,0.915,0.915,0.885,0.8625,0.8475,0.8427631578947369,0.8332894736842105,0.8238157894736842,0.81,0.795,0.7803947368421053,0.7725,0.765,0.7444736842105263,0.4875,1.0,1.0,0.99,0.9890816326530613,0.9762244897959184,0.973469387755102,0.9675,0.9557142857142856,0.9350510204081632,0.93,0.919438775510204,0.915,0.915,0.915,0.915,0.915,0.9101020408163265,0.894795918367347,0.885,0.8775,0.8699999999999999,0.8625,0.8557653061224489,0.8479591836734695,0.8475,0.8475,0.84,0.8400000000000001,0.8389285714285714,0.8325,0.825,0.8230102040816326,0.8175000000000001,0.81,0.807091836734694,0.7992857142857144,0.795,0.7875,0.7875,0.78,0.78,0.7749489795918367,0.7725,0.7668367346938776,0.765,0.7575,0.75,0.7356122448979591,0.6261734693877556,0.4875
xK0GkyIVzq4,transcripts,1_Otc57kRiu3c-M7cVbg0mZx4jGSs1-E5,1449.0,576,136000,0.065,0.026000000000000002,0.016,0.04,0.016,0.0,0.018,0.09300000000000001,0.0,0.013000000000000001,145,81,100,1,0.9,3,1,0.21,4,0,0.6689999999999999,2.8021570557426196,0.0,0.8405631637911674,5.46,4.433714285714285,0.165,140.97117142857144,0.16899999999999998,0.064,0.24,0.0625,0.156,0.0,5,0.6634210526315789,0.677763157894737,0.2025,1.0,0.796578947368421,0.795,0.78,0.765,0.7452631578947368,0.5723684210526316,0.735,0.7432894736842106,0.6947368421052631,0.677763157894737,0.6675,0.6588157894736842,0.6343421052631579,0.6023684210526316,0.5774999999999999,0.5609210526315789,0.54,0.5194736842105262,0.2025,1.0,0.8975510204081634,0.8231632653061225,0.7790816326530612,0.7749489795918366,0.795,0.7931632653061225,0.7853571428571428,0.78,0.7697448979591837,0.765,0.7616326530612245,0.75,0.7420408163265306,0.5153571428571427,0.5491836734693878,0.6584693877551022,0.729795918367347,0.735,0.72,0.7125,0.7489285714285714,0.7072959183673468,0.6975,0.6826530612244899,0.6825,0.6745408163265306,0.6675,0.6675,0.6613775510204082,0.6641326530612245,0.6580102040816327,0.645,0.6375,0.63,0.6289285714285715,0.6039795918367347,0.5961734693877552,0.5808673469387755,0.5774999999999999,0.57,0.5625,0.555,0.5475,0.54,0.5325,0.5268367346938776,0.5175,0.4017857142857148,0.2025
xZnMwJQ4mfc,transcripts,1gzeh8NezDXdcPAHBFi5293DtPTltnfVn,1156.32,204,136000,0.048,0.024,0.006999999999999999,0.025,0.032,0.0,0.006999999999999999,0.057999999999999996,0.005,0.018,110,69,100,1,0.95,3,1,0.171,6,0,0.6905,1.7872826617826618,0.0,0.9667112332112332,2.1,3.051,0.09166666666666666,142.7687,0.205,0.045,0.2455,0.0725,0.17600000000000002,0.1,5,0.7314539473684211,0.7227631578947369,0.315,1.0,0.8455263157894737,0.7614473684210527,0.830921052631579,0.825,0.8253947368421053,0.795,0.7811842105263158,0.7717105263157894,0.7492105263157893,0.7227631578947369,0.7132894736842106,0.705,0.6825,0.6876315789473684,0.675,0.66,0.645,0.6375,0.315,1.0,0.9197448979591837,0.8406122448979592,0.8390816326530611,0.815204081632653,0.759030612244898,0.7649999999999999,0.7875,0.8300510204081633,0.8325,0.825,0.8283673469387756,0.8436734693877551,0.820561224489796,0.8057142857142857,0.7979081632653062,0.7949999999999999,0.7875,0.7819897959183674,0.7725,0.7725,0.7660714285714285,0.75,0.7575,0.735,0.7348469387755102,0.7204591836734694,0.7267346938775511,0.7189285714285714,0.7111224489795919,0.7033163265306123,0.705,0.695204081632653,0.6873979591836734,0.6825,0.6825,0.6860204081632653,0.678826530612245,0.675,0.670561224489796,0.6627551020408163,0.66,0.6546428571428572,0.6468367346938776,0.645,0.6375,0.6375,0.6168367346938775,0.43775510204081663,0.315
yKC5nekLvbs,transcripts,1PZMavKFZli7isULpqPCfBTQu5rpL3Y4L,1410.72,215,136000,0.046534653465346534,0.01782178217821782,0.00693069306930693,0.03762376237623763,0.07425742574257425,0.008910891089108912,0.0009900990099009901,0.07821782178217822,0.019801980198019802,0.015841584158415842,128,70,101,1,0.95,3,1,0.21188118811881188,4,0,0.6465346534653466,2.0692018537018537,0.0,0.9747629037629038,2.86,2.508047619047619,0.12233333333333332,143.4745380952381,0.16435643564356436,0.016336633663366337,0.2396039603960396,0.0707920792079208,0.08613861386138613,0.0,4,0.7560855263157895,0.7602631578947368,0.4275,1.0,0.8625,0.8435526315789473,0.7614473684210525,0.8325,0.8175000000000001,0.8143421052631579,0.7961842105263158,0.7807894736842105,0.78,0.7602631578947368,0.7432894736842106,0.735,0.72,0.7148684210526316,0.705,0.6975,0.675,0.6544736842105262,0.4275,1.0,0.9353571428571428,0.8693877551020408,0.8625,0.855,0.8459693877551021,0.7126530612244898,0.7092857142857143,0.8018877551020409,0.8447448979591836,0.836938775510204,0.8291326530612244,0.825,0.8175,0.8132142857142857,0.81,0.8126020408163266,0.8025,0.7969897959183674,0.7891836734693878,0.7875,0.7864285714285714,0.795,0.7804591836734694,0.7726530612244898,0.765,0.7575,0.756734693877551,0.7489285714285714,0.7425,0.735,0.735,0.7275,0.7248979591836734,0.72,0.7275,0.7164795918367346,0.705,0.7083673469387755,0.705,0.7022448979591837,0.6999489795918367,0.6921428571428572,0.6825,0.675,0.6612244897959184,0.66,0.6456122448979592,0.6306122448979593,0.4275
YoGUM0AsXJI,transcripts,13t7nK2xcE-H2919renwLFI5Xz1ii2S7-,847.72,173,136000,0.175,0.077,0.077,0.04,0.005,0.002,0.004,0.078,0.021,0.0,149,78,100,0,0.9,0,0,0.17300000000000001,4,3,0.688,2.2932193079251904,0.0,0.8588263588263587,2.1372549019607843,2.079738562091503,0.0392156862745098,141.15418300653596,0.1365,0.1315,0.225,0.066,0.177,0.1,5,0.6844605263157895,0.675,0.42,1.0,0.8360526315789473,0.8060526315789474,0.766578947368421,0.7353947368421053,0.735,0.7231578947368421,0.7125,0.705,0.6825,0.675,0.6607894736842106,0.6461842105263158,0.63,0.615,0.6,0.5925,0.5774999999999999,0.57,0.42,1.0,0.986938775510204,0.8675510204081632,0.8240816326530611,0.8162755102040816,0.808469387755102,0.7856632653061224,0.7725,0.7625510204081631,0.75,0.7394387755102041,0.7458673469387755,0.7425,0.735,0.7307142857142858,0.7275,0.72,0.72,0.7125,0.705,0.705,0.705,0.6907653061224489,0.6829591836734693,0.6825,0.675,0.675,0.6675,0.6664285714285714,0.6586224489795919,0.6525,0.6469897959183672,0.6375,0.63,0.6270918367346939,0.6192857142857142,0.615,0.6075,0.6,0.6,0.5952551020408163,0.5925,0.5925,0.5850000000000001,0.5774999999999999,0.5774999999999999,0.57,0.57,0.5481122448979593,0.42
YubjPoEmzgU,transcripts,1g2tjKtVp5pK8FXkSNA0lBMjmdcf5U8dT,1324.68,396,136000,0.11287128712871287,0.011881188118811881,0.03663366336633663,0.01485148514851485,0.026732673267326736,0.0029702970297029703,0.00891089108910891,0.06831683168316831,0.005940594059405941,0.0029702970297029703,117,69,101,1,0.9,2,1,0.15544554455445544,3,0,0.7227722772277227,2.661818560524443,0.0,0.835546842046842,5.1,2.963492063492063,0.03666666666666667,142.88246031746033,0.17623762376237626,0.14207920792079207,0.2722772277227723,0.1297029702970297,0.2405940594059406,0.1,5,0.6064407894736842,0.5625,0.36,1.0,0.81,0.7646052631578947,0.735,0.6896052631578947,0.645,0.6256578947368421,0.6134210526315789,0.5850000000000001,0.57,0.5625,0.5632894736842106,0.5625,0.5443421052631578,0.525,0.5103947368421052,0.495,0.4875,0.48,0.36,1.0,0.8972448979591837,0.8168877551020408,0.8109183673469388,0.8063265306122449,0.769438775510204,0.7406632653061225,0.735,0.7325510204081632,0.726734693877551,0.694438775510204,0.6791326530612245,0.6601530612244898,0.645,0.645,0.6358163265306123,0.6225,0.6404081632653061,0.6174489795918366,0.5941836734693877,0.5863775510204082,0.5850000000000001,0.5774999999999999,0.5704591836734693,0.57,0.5625,0.5629591836734694,0.5707653061224489,0.5689285714285713,0.5625,0.57,0.5625,0.564795918367347,0.5523979591836734,0.54,0.5367857142857143,0.525,0.525,0.5208673469387755,0.51,0.5052551020408163,0.495,0.495,0.5025,0.4875,0.4875,0.48091836734693877,0.48,0.4731122448979592,0.36
yv4o4Epz1eM,transcripts,1e_QhPCNkcA-HxU1MyzGSu9Cgo8CHYZLw,1734.74,575,136000,0.061,0.040999999999999995,0.019,0.01,0.0,0.001,0.002,0.043,0.006,0.0,143,78,100,1,0.9,2,1,0.191,1,0,0.708,2.1556612457131488,0.0,0.8978762746928837,3.5098039215686274,2.3879848909260675,0.06372549019607843,134.9991490535608,0.20800000000000002,0.068,0.256,0.076,0.198,0.0,5,0.6636381578947368,0.6627631578947368,0.315,1.0,0.8155263157894738,0.7875,0.7575,0.7428947368421053,0.7223684210526315,0.7113157894736841,0.6986842105263158,0.6975,0.675,0.6627631578947368,0.6532894736842105,0.6225,0.6161842105263159,0.5948684210526315,0.5778947368421051,0.5625,0.54,0.5194736842105262,0.315,1.0,0.8531632653061224,0.8037244897959184,0.8081632653061225,0.7875,0.7874999999999999,0.7781632653061225,0.7628571428571428,0.7574999999999998,0.75,0.7425,0.75,0.7351530612244899,0.7239795918367347,0.7221428571428572,0.7170918367346939,0.7001020408163265,0.705,0.6994897959183674,0.69,0.69,0.6975,0.683265306122449,0.6754591836734694,0.675,0.6601530612244899,0.66,0.6525000000000001,0.6589285714285714,0.6497448979591836,0.6358163265306123,0.6225,0.6202040816326531,0.6273979591836735,0.6075,0.6,0.5964795918367347,0.581173469387755,0.5816326530612246,0.5730612244897959,0.5755102040816327,0.5649489795918368,0.5625,0.5493367346938776,0.54,0.54,0.5259183673469388,0.5106122448979592,0.4080612244897963,0.315
yXaJpj7Bb9w,transcripts,1133rhjE4hlv6lcwiFEPRBig8uFfy65Jm,1978.76,457,136000,0.201,0.084,0.11699999999999999,0.048,0.027999999999999997,0.018,0.02,0.059000000000000004,0.006999999999999999,0.009,195,79,100,1,0.9,3,1,0.251,8,6,0.6375,1.7759912032412033,0.0,1.0,3.06,3.8264285714285715,0.20733333333333334,141.76064285714287,0.1895,0.12050000000000001,0.257,0.065,0.16,0.1,5,0.3466644736842105,0.2802631578947369,0.195,1.0,0.5569736842105264,0.4839473684210526,0.4693421052631579,0.37381578947368416,0.33434210526315783,0.3331578947368421,0.315,0.3134210526315789,0.2925,0.2802631578947369,0.2707894736842106,0.255,0.2518421052631579,0.24,0.24789473684210528,0.2475,0.24,0.2325,0.195,1.0,0.7310204081632653,0.5894387755102042,0.5579081632653061,0.5000510204081632,0.4815306122448979,0.4856632653061224,0.46285714285714286,0.4676020408163265,0.434234693877551,0.3838775510204082,0.34576530612244893,0.285,0.34239795918367344,0.3482142857142857,0.3375,0.33,0.3270918367346939,0.315,0.30918367346938774,0.31974489795918365,0.3021428571428572,0.30076530612244895,0.29341836734693877,0.2851530612244898,0.285,0.27795918367346945,0.284234693877551,0.27642857142857147,0.26525510204081637,0.26831632653061227,0.255,0.252704081632653,0.2501020408163266,0.2475,0.2475,0.24,0.24,0.24826530612244901,0.24306122448979597,0.24,0.2450510204081633,0.2475,0.23433673469387756,0.24,0.23372448979591842,0.2325,0.2325,0.22530612244897963,0.195
Z6cbf9WN0c4,transcripts,13WnaADCr9GptQYryR8g8_smytu89pNXG,1180.0,325,136000,0.14059405940594058,0.04059405940594059,0.09900990099009901,0.030693069306930693,0.020792079207920793,0.0,0.0,0.060396039603960394,0.025742574257425745,0.01881188118811881,91,56,101,1,0.9,3,1,0.2396039603960396,10,2,0.6356435643564357,1.8308297813297814,0.0,0.9632619047619048,1.84,2.397952380952381,0.05666666666666667,140.68296190476192,0.12871287128712872,0.09158415841584158,0.21881188118811884,0.049999999999999996,0.17227722772277226,0.0,4,0.6043684210526316,0.5952631578947369,0.3675,1.0,0.7555263157894736,0.5277631578947368,0.6011842105263158,0.6978947368421052,0.6927631578947369,0.6631578947368422,0.6525,0.6367105263157894,0.6197368421052631,0.5952631578947369,0.5850000000000001,0.5625,0.5475,0.54,0.5253947368421052,0.525,0.5025,0.4894736842105263,0.3675,1.0,0.8672448979591836,0.7712755102040816,0.7490816326530613,0.7325510204081633,0.5398469387755102,0.495,0.5507142857142857,0.6148469387755102,0.6880102040816327,0.6975,0.7016326530612245,0.6975,0.6895408163265306,0.6782142857142858,0.6704081632653062,0.66,0.654795918367347,0.6525,0.6466836734693878,0.6375,0.6310714285714285,0.63,0.6225,0.6076530612244899,0.6,0.5920408163265306,0.5984693877551021,0.5850000000000001,0.5761224489795918,0.57,0.5625,0.5572959183673469,0.5523979591836734,0.5475,0.5475,0.54,0.5361734693877551,0.5325,0.525,0.5222448979591836,0.5225510204081633,0.5196428571428572,0.51,0.5025,0.4962244897959184,0.495,0.4875,0.48780612244897964,0.3675
3PBo1GiAlbs,transcripts,1UbOiAMFqYPFQ6i0MTlgtoiHt7IAJk5mn,1174.8799999999999,177,136000,0.03861386138613861,0.05841584158415841,0.0009900990099009901,0.061386138613861385,0.015841584158415842,0.0039603960396039604,0.016831683168316833,0.047524752475247525,0.034653465346534656,0.0019801980198019802,142,80,101,1,0.9,3,1,0.200990099009901,7,0,0.6762376237623762,2.412756811815635,0.0,0.8478889737713267,5.0,4.4223333333333334,0.253,140.98596666666668,0.19306930693069307,0.04702970297029703,0.24653465346534656,0.05396039603960396,0.13465346534653466,0.1,4,0.7035855263157894,0.705,0.27,1.0,0.8699999999999999,0.8246052631578947,0.6868421052631578,0.6675,0.7898684210526314,0.7875,0.7736842105263158,0.7567105263157894,0.7594736842105263,0.705,0.6982894736842106,0.6888157894736842,0.671842105263158,0.6525,0.6375,0.6327631578947366,0.611842105263158,0.5869736842105263,0.27,1.0,0.9725510204081632,0.8837755102040816,0.8681632653061224,0.8462755102040818,0.8294387755102041,0.8103061224489796,0.7071428571428571,0.6948979591836734,0.6947448979591837,0.6852551020408164,0.6809693877551021,0.7458673469387755,0.7914795918367347,0.7875,0.7875,0.7874999999999999,0.78,0.7744897959183673,0.7725,0.7833673469387754,0.7510714285714286,0.764234693877551,0.7654591836734694,0.7279591836734695,0.7123469387755103,0.7045408163265305,0.6975,0.7039285714285713,0.7036224489795918,0.69,0.6880102040816327,0.6825,0.675,0.6675,0.6567857142857143,0.6525,0.645,0.6408673469387755,0.633061224489796,0.6225,0.6326020408163265,0.6203571428571428,0.6526530612244898,0.6045918367346937,0.6,0.5925,0.5781122448979591,0.5556122448979594,0.27
